Implementation;Method;listSize;Score;Score Error;Allocation Rate
CAPSULE_TRIE_MAP;getCollision;1;18,315;0,292;0
CAPSULE_TRIE_MAP;getCollision;4;64,394;1,792;16
CAPSULE_TRIE_MAP;getCollision;10;70,382;0,566;16
CAPSULE_TRIE_MAP;getCollision;15;72,254;0,846;16
CAPSULE_TRIE_MAP;getCollision;20;78,366;3,422;16
CAPSULE_TRIE_MAP;getCollision;25;61,085;0,317;16
CAPSULE_TRIE_MAP;getCollision;50;72,733;1,512;16
CAPSULE_TRIE_MAP;getCollision;100;69,797;0,459;16
CAPSULE_TRIE_MAP;getCollision;1000;85,339;0,924;16
CAPSULE_TRIE_MAP;getCollision;10000;144,193;0,881;16
CAPSULE_TRIE_MAP;getCollision;100000;164,794;12,116;16
CAPSULE_TRIE_MAP;getCollision;1000000;418,966;132,263;16,001
CAPSULE_TRIE_MAP;getDistinct;1;18,18;0,135;0
CAPSULE_TRIE_MAP;getDistinct;4;15,03;0,224;0
CAPSULE_TRIE_MAP;getDistinct;10;14,514;0,254;0
CAPSULE_TRIE_MAP;getDistinct;15;14,525;0,849;0
CAPSULE_TRIE_MAP;getDistinct;20;14,131;0,021;0
CAPSULE_TRIE_MAP;getDistinct;25;14,452;0,422;0
CAPSULE_TRIE_MAP;getDistinct;50;23,693;0,094;16
CAPSULE_TRIE_MAP;getDistinct;100;25,265;0,114;16
CAPSULE_TRIE_MAP;getDistinct;1000;30,292;0,444;16
CAPSULE_TRIE_MAP;getDistinct;10000;57,346;0,636;16
CAPSULE_TRIE_MAP;getDistinct;100000;88,731;4,353;16
CAPSULE_TRIE_MAP;getDistinct;1000000;136,124;37,857;16
CAPSULE_TRIE_MAP;getNonExisting;1;13,121;0,047;0
CAPSULE_TRIE_MAP;getNonExisting;4;10,004;0,256;0
CAPSULE_TRIE_MAP;getNonExisting;10;9,96;0,104;0
CAPSULE_TRIE_MAP;getNonExisting;15;9,894;0,228;0
CAPSULE_TRIE_MAP;getNonExisting;20;11,783;0,104;0
CAPSULE_TRIE_MAP;getNonExisting;25;12,828;0,745;0
CAPSULE_TRIE_MAP;getNonExisting;50;12,81;0,058;0
CAPSULE_TRIE_MAP;getNonExisting;100;14,359;0,292;0
CAPSULE_TRIE_MAP;getNonExisting;1000;20,169;0,073;0
CAPSULE_TRIE_MAP;getNonExisting;10000;38,453;0,892;0
CAPSULE_TRIE_MAP;getNonExisting;100000;72,986;2,385;0
CAPSULE_TRIE_MAP;getNonExisting;1000000;156,47;1,743;0
CAPSULE_TRIE_MAP;getRandom;1;19,022;0,881;0
CAPSULE_TRIE_MAP;getRandom;4;15,378;0,585;0
CAPSULE_TRIE_MAP;getRandom;10;20,337;0,036;16
CAPSULE_TRIE_MAP;getRandom;15;22,42;0,211;16
CAPSULE_TRIE_MAP;getRandom;20;21,121;0,08;16
CAPSULE_TRIE_MAP;getRandom;25;23,837;1,797;16
CAPSULE_TRIE_MAP;getRandom;50;26,019;7,179;16
CAPSULE_TRIE_MAP;getRandom;100;26,113;0,144;16
CAPSULE_TRIE_MAP;getRandom;1000;38,995;0,688;16
CAPSULE_TRIE_MAP;getRandom;10000;61,275;0,485;16
CAPSULE_TRIE_MAP;getRandom;100000;86,511;3,961;16
CAPSULE_TRIE_MAP;getRandom;1000000;203,082;28,288;16
CAPSULE_TRIE_MAP;putAndGetCollision;1;58,049;0,297;80
CAPSULE_TRIE_MAP;putAndGetCollision;4;194,295;9,35;330
CAPSULE_TRIE_MAP;putAndGetCollision;10;214,863;1,028;382,4
CAPSULE_TRIE_MAP;putAndGetCollision;15;217,298;0,977;393,6
CAPSULE_TRIE_MAP;putAndGetCollision;20;200,393;0,962;378
CAPSULE_TRIE_MAP;putAndGetCollision;25;210,871;0,9;392,64
CAPSULE_TRIE_MAP;putAndGetCollision;50;209,338;2,424;429,6
CAPSULE_TRIE_MAP;putAndGetCollision;100;238,043;19,747;480,96
CAPSULE_TRIE_MAP;putAndGetCollision;1000;298,137;1,253;552,632
CAPSULE_TRIE_MAP;putAndGetCollision;10000;421,217;2,267;655,489
CAPSULE_TRIE_MAP;putAndGetCollision;100000;645,651;9,557;767,846
CAPSULE_TRIE_MAP;putAndGetCollision;1000000;1141,755;46,154;836,838
CAPSULE_TRIE_MAP;putAndGetDistinct;1;59,658;0,47;80
CAPSULE_TRIE_MAP;putAndGetDistinct;4;62,159;0,272;92
CAPSULE_TRIE_MAP;putAndGetDistinct;10;62,478;0,272;116
CAPSULE_TRIE_MAP;putAndGetDistinct;15;60,807;0,559;136
CAPSULE_TRIE_MAP;putAndGetDistinct;20;62,283;1,849;156
CAPSULE_TRIE_MAP;putAndGetDistinct;25;61,729;0,211;176
CAPSULE_TRIE_MAP;putAndGetDistinct;50;86,232;0,394;274,72
CAPSULE_TRIE_MAP;putAndGetDistinct;100;102,305;0,342;308,48
CAPSULE_TRIE_MAP;putAndGetDistinct;1000;114,247;2,005;417,408
CAPSULE_TRIE_MAP;putAndGetDistinct;10000;164,144;1,922;508,403
CAPSULE_TRIE_MAP;putAndGetDistinct;100000;270,543;1,211;660,331
CAPSULE_TRIE_MAP;putAndGetDistinct;1000000;550,842;8,795;766,51
CAPSULE_TRIE_MAP;putAndGetRandom;1;58,577;0,447;80
CAPSULE_TRIE_MAP;putAndGetRandom;4;80,051;0,318;122
CAPSULE_TRIE_MAP;putAndGetRandom;10;74,778;0,278;133,6
CAPSULE_TRIE_MAP;putAndGetRandom;15;80,073;1,284;156,267
CAPSULE_TRIE_MAP;putAndGetRandom;20;88,617;0,47;196,4
CAPSULE_TRIE_MAP;putAndGetRandom;25;84,605;0,302;209,92
CAPSULE_TRIE_MAP;putAndGetRandom;50;99,181;0,552;240,8
CAPSULE_TRIE_MAP;putAndGetRandom;100;106,456;0,327;303,76
CAPSULE_TRIE_MAP;putAndGetRandom;1000;164,91;2,528;396,704
CAPSULE_TRIE_MAP;putAndGetRandom;10000;229,687;1,086;509,536
CAPSULE_TRIE_MAP;putAndGetRandom;100000;379,184;4,833;641,7
CAPSULE_TRIE_MAP;putAndGetRandom;1000000;625,976;41,04;747,727
CAPSULE_TRIE_MAP;putCollision;1;46,1;2,008;80
CAPSULE_TRIE_MAP;putCollision;4;129,267;0,363;318
CAPSULE_TRIE_MAP;putCollision;10;123,566;0,621;326,4
CAPSULE_TRIE_MAP;putCollision;15;124,549;0,698;349,867
CAPSULE_TRIE_MAP;putCollision;20;151,849;0,427;400
CAPSULE_TRIE_MAP;putCollision;25;131,038;0,518;382,08
CAPSULE_TRIE_MAP;putCollision;50;139,787;0,587;422,24
CAPSULE_TRIE_MAP;putCollision;100;151,355;0,653;465,52
CAPSULE_TRIE_MAP;putCollision;1000;189,957;0,89;534,576
CAPSULE_TRIE_MAP;putCollision;10000;260,58;0,809;637,52
CAPSULE_TRIE_MAP;putCollision;100000;379,879;7,61;751,82
CAPSULE_TRIE_MAP;putCollision;1000000;631,578;70,335;820,853
CAPSULE_TRIE_MAP;putDistinct;1;43,853;0,342;80
CAPSULE_TRIE_MAP;putDistinct;4;45,243;0,169;92
CAPSULE_TRIE_MAP;putDistinct;10;48,166;0,079;116
CAPSULE_TRIE_MAP;putDistinct;15;46,472;0,115;136
CAPSULE_TRIE_MAP;putDistinct;20;48,908;0,127;156
CAPSULE_TRIE_MAP;putDistinct;25;47,92;0,245;176
CAPSULE_TRIE_MAP;putDistinct;50;62,63;0,349;258,72
CAPSULE_TRIE_MAP;putDistinct;100;75,938;0,37;292,48
CAPSULE_TRIE_MAP;putDistinct;1000;84,143;0,482;401,408
CAPSULE_TRIE_MAP;putDistinct;10000;120,327;0,803;492,403
CAPSULE_TRIE_MAP;putDistinct;100000;206,988;1,762;644,331
CAPSULE_TRIE_MAP;putDistinct;1000000;315,789;3,151;750,509
CAPSULE_TRIE_MAP;putRandom;1;44,912;0,754;80
CAPSULE_TRIE_MAP;putRandom;4;44,865;0,181;92
CAPSULE_TRIE_MAP;putRandom;10;64,897;0,227;151,2
CAPSULE_TRIE_MAP;putRandom;15;54,073;0,286;133,333
CAPSULE_TRIE_MAP;putRandom;20;55,666;0,206;154,8
CAPSULE_TRIE_MAP;putRandom;25;67,525;0,249;183,68
CAPSULE_TRIE_MAP;putRandom;50;73,543;0,459;248
CAPSULE_TRIE_MAP;putRandom;100;78,985;0,471;280,8
CAPSULE_TRIE_MAP;putRandom;1000;125,925;2,423;380,32
CAPSULE_TRIE_MAP;putRandom;10000;175,31;0,522;493,79
CAPSULE_TRIE_MAP;putRandom;100000;250,273;2,029;625,914
CAPSULE_TRIE_MAP;putRandom;1000000;419,203;7,753;731,784
CAPSULE_TRIE_MAP;removeCollision;1;52,506;0,136;72
CAPSULE_TRIE_MAP;removeCollision;4;123,248;1,11;204
CAPSULE_TRIE_MAP;removeCollision;10;149,76;0,716;250,4
CAPSULE_TRIE_MAP;removeCollision;15;150,01;0,593;250,667
CAPSULE_TRIE_MAP;removeCollision;20;164,208;0,867;308,8
CAPSULE_TRIE_MAP;removeCollision;25;155,221;0,769;291,84
CAPSULE_TRIE_MAP;removeCollision;50;155,742;0,531;331,04
CAPSULE_TRIE_MAP;removeCollision;100;171,423;0,695;364,96
CAPSULE_TRIE_MAP;removeCollision;1000;221,888;1,118;440,392
CAPSULE_TRIE_MAP;removeCollision;10000;277,568;1,59;559,169
CAPSULE_TRIE_MAP;removeCollision;100000;470,651;6,127;682,929
CAPSULE_TRIE_MAP;removeCollision;1000000;577,941;18,743;760,805
CAPSULE_TRIE_MAP;removeDistinct;1;52,472;0,212;72
CAPSULE_TRIE_MAP;removeDistinct;4;41,748;0,109;84
CAPSULE_TRIE_MAP;removeDistinct;10;43,241;0,193;108
CAPSULE_TRIE_MAP;removeDistinct;15;44,969;0,319;128
CAPSULE_TRIE_MAP;removeDistinct;20;45,893;0,257;148
CAPSULE_TRIE_MAP;removeDistinct;25;45,92;0,182;168
CAPSULE_TRIE_MAP;removeDistinct;50;69,944;0,37;276,16
CAPSULE_TRIE_MAP;removeDistinct;100;79,126;0,518;285,76
CAPSULE_TRIE_MAP;removeDistinct;1000;92,132;0,632;393,536
CAPSULE_TRIE_MAP;removeDistinct;10000;129,653;9,377;484,826
CAPSULE_TRIE_MAP;removeDistinct;100000;181,789;1,625;637,683
CAPSULE_TRIE_MAP;removeDistinct;1000000;335,254;3,013;742,645
CAPSULE_TRIE_MAP;removeNonExisting;1;11,163;0,059;0
CAPSULE_TRIE_MAP;removeNonExisting;4;5,438;0,176;0
CAPSULE_TRIE_MAP;removeNonExisting;10;3,835;0,016;0
CAPSULE_TRIE_MAP;removeNonExisting;15;3,307;0,012;0
CAPSULE_TRIE_MAP;removeNonExisting;20;13,679;0,086;24
CAPSULE_TRIE_MAP;removeNonExisting;25;11,39;0,051;24
CAPSULE_TRIE_MAP;removeNonExisting;50;12,149;0,065;24
CAPSULE_TRIE_MAP;removeNonExisting;100;17,001;0,058;24
CAPSULE_TRIE_MAP;removeNonExisting;1000;23,37;0,109;24
CAPSULE_TRIE_MAP;removeNonExisting;10000;40,015;0,68;24
CAPSULE_TRIE_MAP;removeNonExisting;100000;60,811;5,963;24
CAPSULE_TRIE_MAP;removeNonExisting;1000000;156,759;48,018;24
CAPSULE_TRIE_MAP;removeRandom;1;54,456;0,187;72
CAPSULE_TRIE_MAP;removeRandom;4;42,139;0,479;84
CAPSULE_TRIE_MAP;removeRandom;10;51,085;0,241;136
CAPSULE_TRIE_MAP;removeRandom;15;53,331;0,16;154,133
CAPSULE_TRIE_MAP;removeRandom;20;61,043;0,188;168,4
CAPSULE_TRIE_MAP;removeRandom;25;68,031;0,403;181,76
CAPSULE_TRIE_MAP;removeRandom;50;75,875;1,286;225,12
CAPSULE_TRIE_MAP;removeRandom;100;81,464;0,434;278,56
CAPSULE_TRIE_MAP;removeRandom;1000;128,008;1,167;373,072
CAPSULE_TRIE_MAP;removeRandom;10000;181,592;0,715;487,07
CAPSULE_TRIE_MAP;removeRandom;100000;255,144;3,029;618,523
CAPSULE_TRIE_MAP;removeRandom;1000000;449,704;12,056;724,287
CLOJURE_HASH_MAP;getCollision;1;38,172;0,082;0
CLOJURE_HASH_MAP;getCollision;4;69,705;0,203;0
CLOJURE_HASH_MAP;getCollision;10;65,99;0,103;0
CLOJURE_HASH_MAP;getCollision;15;80,628;0,118;0
CLOJURE_HASH_MAP;getCollision;20;67,84;0,129;0
CLOJURE_HASH_MAP;getCollision;25;73,703;0,165;0
CLOJURE_HASH_MAP;getCollision;50;76,937;0,1;0
CLOJURE_HASH_MAP;getCollision;100;74,393;0,105;0
CLOJURE_HASH_MAP;getCollision;1000;105,492;0,489;0
CLOJURE_HASH_MAP;getCollision;10000;131,946;0,441;0
CLOJURE_HASH_MAP;getCollision;100000;175,437;4,032;0
CLOJURE_HASH_MAP;getCollision;1000000;333,44;13,36;0
SCALA_HASH_MAP;getCollision;1;23,456;0,219;16
SCALA_HASH_MAP;getCollision;4;33,668;0,625;16
SCALA_HASH_MAP;getCollision;10;24,416;0,086;16
SCALA_HASH_MAP;getCollision;15;25,02;0,449;16
SCALA_HASH_MAP;getCollision;20;29,382;0,838;16
SCALA_HASH_MAP;getCollision;25;25,05;0,098;16
SCALA_HASH_MAP;getCollision;50;25,589;1,764;16
SCALA_HASH_MAP;getCollision;100;40,919;0,948;16
SCALA_HASH_MAP;getCollision;1000;43,965;1,263;16
SCALA_HASH_MAP;getCollision;10000;72,467;2,889;16
SCALA_HASH_MAP;getCollision;100000;103,848;6,85;16
SCALA_HASH_MAP;getCollision;1000000;245,103;50,776;16
SCALA_TREE_MAP;getCollision;1;25,676;0,89;16
SCALA_TREE_MAP;getCollision;4;28,964;0,905;16
SCALA_TREE_MAP;getCollision;10;34,013;1,229;16
SCALA_TREE_MAP;getCollision;15;35,456;0,811;16
SCALA_TREE_MAP;getCollision;20;37,62;1,073;16
SCALA_TREE_MAP;getCollision;25;39,039;0,987;16
SCALA_TREE_MAP;getCollision;50;43,922;1,088;16
SCALA_TREE_MAP;getCollision;100;54,796;0,548;16
SCALA_TREE_MAP;getCollision;1000;106,94;6,009;12,932
SCALA_TREE_MAP;getCollision;10000;132,563;0,477;0
SCALA_TREE_MAP;getCollision;100000;195,173;15,754;0
SCALA_TREE_MAP;getCollision;1000000;184,278;0,618;0
JAVASLANG_HASH_MAP;getCollision;1;16,137;0,059;16
JAVASLANG_HASH_MAP;getCollision;4;38,141;0,412;82
JAVASLANG_HASH_MAP;getCollision;10;68,818;0,393;111,2
JAVASLANG_HASH_MAP;getCollision;15;45,934;0,671;81,6
JAVASLANG_HASH_MAP;getCollision;20;49,857;0,436;84,4
JAVASLANG_HASH_MAP;getCollision;25;52,538;0,516;88,96
JAVASLANG_HASH_MAP;getCollision;50;39,169;0,262;76,96
JAVASLANG_HASH_MAP;getCollision;100;42,034;0,2;84,16
JAVASLANG_HASH_MAP;getCollision;1000;80,015;0,287;115,984
JAVASLANG_HASH_MAP;getCollision;10000;78,922;0,486;81,463
JAVASLANG_HASH_MAP;getCollision;100000;110,348;2,33;81,62
JAVASLANG_HASH_MAP;getCollision;1000000;281,668;7,73;95,35
JAVASLANG_TREE_MAP;getCollision;1;22,166;0,101;16
JAVASLANG_TREE_MAP;getCollision;4;27,809;0,146;56
JAVASLANG_TREE_MAP;getCollision;10;32,577;0,143;56
JAVASLANG_TREE_MAP;getCollision;15;33,602;0,078;56
JAVASLANG_TREE_MAP;getCollision;20;36,579;0,217;56
JAVASLANG_TREE_MAP;getCollision;25;38,376;0,126;56
JAVASLANG_TREE_MAP;getCollision;50;42,477;0,251;56
JAVASLANG_TREE_MAP;getCollision;100;47,612;0,301;56
JAVASLANG_TREE_MAP;getCollision;1000;89,486;0,283;56
JAVASLANG_TREE_MAP;getCollision;10000;126,491;3,515;56
JAVASLANG_TREE_MAP;getCollision;100000;149,662;9,956;56
JAVASLANG_TREE_MAP;getCollision;1000000;192,179;1,12;56
PCOLLECTIONS;getCollision;1;22,791;2,552;0
PCOLLECTIONS;getCollision;4;18,633;0,085;0
PCOLLECTIONS;getCollision;10;20,83;0,233;0
PCOLLECTIONS;getCollision;15;21,307;0,049;0
PCOLLECTIONS;getCollision;20;23,344;2,741;0
PCOLLECTIONS;getCollision;25;22,733;0,756;0
PCOLLECTIONS;getCollision;50;24,355;0,224;0
PCOLLECTIONS;getCollision;100;27,385;0,181;0
PCOLLECTIONS;getCollision;1000;62,619;0,536;12,144
PCOLLECTIONS;getCollision;10000;154,094;1,172;15,629
PCOLLECTIONS;getCollision;100000;233,619;2,459;15,962
PCOLLECTIONS;getCollision;1000000;549,93;104,571;15,997
CLOJURE_HASH_MAP;getDistinct;1;38,202;0,121;0
CLOJURE_HASH_MAP;getDistinct;4;36,458;0,117;0
CLOJURE_HASH_MAP;getDistinct;10;35,841;0,077;0
CLOJURE_HASH_MAP;getDistinct;15;34,978;0,101;0
CLOJURE_HASH_MAP;getDistinct;20;36,412;0,051;0
CLOJURE_HASH_MAP;getDistinct;25;36,769;0,041;0
CLOJURE_HASH_MAP;getDistinct;50;35,966;0,13;0
CLOJURE_HASH_MAP;getDistinct;100;36,379;0,049;0
CLOJURE_HASH_MAP;getDistinct;1000;45,819;0,219;0
CLOJURE_HASH_MAP;getDistinct;10000;66,513;0,251;0
CLOJURE_HASH_MAP;getDistinct;100000;92,129;5,065;0
CLOJURE_HASH_MAP;getDistinct;1000000;187,375;20,918;0
SCALA_HASH_MAP;getDistinct;1;23,255;0,102;16
SCALA_HASH_MAP;getDistinct;4;20,046;0,185;16
SCALA_HASH_MAP;getDistinct;10;19,336;0,104;16
SCALA_HASH_MAP;getDistinct;15;19,188;0,094;16
SCALA_HASH_MAP;getDistinct;20;19,617;0,22;16
SCALA_HASH_MAP;getDistinct;25;19,462;0,182;16
SCALA_HASH_MAP;getDistinct;50;30,566;0,612;16
SCALA_HASH_MAP;getDistinct;100;28,355;0,735;16
SCALA_HASH_MAP;getDistinct;1000;33,177;0,89;16
SCALA_HASH_MAP;getDistinct;10000;49,887;1,759;16
SCALA_HASH_MAP;getDistinct;100000;72,533;4,894;16
SCALA_HASH_MAP;getDistinct;1000000;237,241;59,911;16
SCALA_TREE_MAP;getDistinct;1;25,36;0,316;16
SCALA_TREE_MAP;getDistinct;4;29,315;0,786;16
SCALA_TREE_MAP;getDistinct;10;33,708;0,872;16
SCALA_TREE_MAP;getDistinct;15;34,826;0,684;16
SCALA_TREE_MAP;getDistinct;20;37,477;0,962;16
SCALA_TREE_MAP;getDistinct;25;39,18;0,975;16
SCALA_TREE_MAP;getDistinct;50;43,653;1,046;16
SCALA_TREE_MAP;getDistinct;100;52,764;0,855;16
SCALA_TREE_MAP;getDistinct;1000;104,528;6,395;13,217
SCALA_TREE_MAP;getDistinct;10000;133,341;1,093;0
SCALA_TREE_MAP;getDistinct;100000;186,494;3,019;0
SCALA_TREE_MAP;getDistinct;1000000;183,451;0,588;0
JAVASLANG_HASH_MAP;getDistinct;1;16,068;0,123;16
JAVASLANG_HASH_MAP;getDistinct;4;21,68;0,065;16
JAVASLANG_HASH_MAP;getDistinct;10;21,154;0,086;16
JAVASLANG_HASH_MAP;getDistinct;15;21,516;0,105;16
JAVASLANG_HASH_MAP;getDistinct;20;16,8;0,717;16
JAVASLANG_HASH_MAP;getDistinct;25;16,365;0,287;16
JAVASLANG_HASH_MAP;getDistinct;50;22,005;0,048;16
JAVASLANG_HASH_MAP;getDistinct;100;23,569;0,247;16
JAVASLANG_HASH_MAP;getDistinct;1000;19,404;0,142;16
JAVASLANG_HASH_MAP;getDistinct;10000;49,031;1,378;16
JAVASLANG_HASH_MAP;getDistinct;100000;80,745;4,038;16
JAVASLANG_HASH_MAP;getDistinct;1000000;134,627;39,367;16
JAVASLANG_TREE_MAP;getDistinct;1;22,255;0,211;16
JAVASLANG_TREE_MAP;getDistinct;4;26,25;0,105;56
JAVASLANG_TREE_MAP;getDistinct;10;33,692;0,166;56
JAVASLANG_TREE_MAP;getDistinct;15;33,553;0,075;56
JAVASLANG_TREE_MAP;getDistinct;20;36,158;0,252;56
JAVASLANG_TREE_MAP;getDistinct;25;38,38;0,074;56
JAVASLANG_TREE_MAP;getDistinct;50;42,416;0,213;56
JAVASLANG_TREE_MAP;getDistinct;100;47,663;0,248;56
JAVASLANG_TREE_MAP;getDistinct;1000;87,356;0,835;56
JAVASLANG_TREE_MAP;getDistinct;10000;126,487;2,409;56
JAVASLANG_TREE_MAP;getDistinct;100000;154,439;11,269;56
JAVASLANG_TREE_MAP;getDistinct;1000000;189,509;0,946;56
PCOLLECTIONS;getDistinct;1;19,271;0,135;0
PCOLLECTIONS;getDistinct;4;17,939;0,046;0
PCOLLECTIONS;getDistinct;10;20,078;0,25;0
PCOLLECTIONS;getDistinct;15;21,764;0,607;0
PCOLLECTIONS;getDistinct;20;21,739;0,036;0
PCOLLECTIONS;getDistinct;25;23,117;0,29;0
PCOLLECTIONS;getDistinct;50;23,765;0,043;0
PCOLLECTIONS;getDistinct;100;28,368;1,497;0
PCOLLECTIONS;getDistinct;1000;57,447;1,493;13,952
PCOLLECTIONS;getDistinct;10000;83,569;1,063;15,795
PCOLLECTIONS;getDistinct;100000;94,159;5,743;15,98
PCOLLECTIONS;getDistinct;1000000;118,202;6,059;15,998
CLOJURE_HASH_MAP;getNonExisting;1;37,172;0,044;0
CLOJURE_HASH_MAP;getNonExisting;4;33,265;0,044;0
CLOJURE_HASH_MAP;getNonExisting;10;53,676;0,057;0
CLOJURE_HASH_MAP;getNonExisting;15;46,781;0,476;0
CLOJURE_HASH_MAP;getNonExisting;20;59,723;0,101;0
CLOJURE_HASH_MAP;getNonExisting;25;47,878;0,15;0
CLOJURE_HASH_MAP;getNonExisting;50;38,22;0,061;0
CLOJURE_HASH_MAP;getNonExisting;100;44,186;0,238;0
CLOJURE_HASH_MAP;getNonExisting;1000;42,775;0,126;0
CLOJURE_HASH_MAP;getNonExisting;10000;68,98;0,143;0
CLOJURE_HASH_MAP;getNonExisting;100000;85,366;0,574;0
CLOJURE_HASH_MAP;getNonExisting;1000000;181,865;12,173;0
JAVASLANG_HASH_MAP;getNonExisting;1;12,142;0,279;0
JAVASLANG_HASH_MAP;getNonExisting;4;9,805;0,036;0
JAVASLANG_HASH_MAP;getNonExisting;10;11,727;0,061;0
JAVASLANG_HASH_MAP;getNonExisting;15;9,924;0,188;0
JAVASLANG_HASH_MAP;getNonExisting;20;18,579;0,036;0
JAVASLANG_HASH_MAP;getNonExisting;25;22,522;0,06;0
JAVASLANG_HASH_MAP;getNonExisting;50;22,193;0,074;0
JAVASLANG_HASH_MAP;getNonExisting;100;18,709;0,234;0
JAVASLANG_HASH_MAP;getNonExisting;1000;32,127;0,1;0
JAVASLANG_HASH_MAP;getNonExisting;10000;27,911;0,14;0
JAVASLANG_HASH_MAP;getNonExisting;100000;58,591;2,324;0
JAVASLANG_HASH_MAP;getNonExisting;1000000;137,644;1,15;0
JAVASLANG_TREE_MAP;getNonExisting;1;19,276;0,032;0
JAVASLANG_TREE_MAP;getNonExisting;4;22,369;0,148;24
JAVASLANG_TREE_MAP;getNonExisting;10;31,057;0,108;24
JAVASLANG_TREE_MAP;getNonExisting;15;31,289;0,086;24
JAVASLANG_TREE_MAP;getNonExisting;20;36,293;0,102;24
JAVASLANG_TREE_MAP;getNonExisting;25;36,909;1,467;24
JAVASLANG_TREE_MAP;getNonExisting;50;48,705;1,244;24
JAVASLANG_TREE_MAP;getNonExisting;100;55,236;1,173;24
JAVASLANG_TREE_MAP;getNonExisting;1000;87,881;3,305;24
JAVASLANG_TREE_MAP;getNonExisting;10000;106,585;1,537;24
JAVASLANG_TREE_MAP;getNonExisting;100000;131,254;6,938;24,001
JAVASLANG_TREE_MAP;getNonExisting;1000000;154,802;4,635;24,008
PCOLLECTIONS;getNonExisting;1;16,761;0,207;16
PCOLLECTIONS;getNonExisting;4;16,062;0,599;16
PCOLLECTIONS;getNonExisting;10;18,393;0,981;16
PCOLLECTIONS;getNonExisting;15;18,668;0,731;16
PCOLLECTIONS;getNonExisting;20;19,629;0,668;16
PCOLLECTIONS;getNonExisting;25;20,126;0,233;16
PCOLLECTIONS;getNonExisting;50;23,101;1,401;16
PCOLLECTIONS;getNonExisting;100;25,762;0,186;16
PCOLLECTIONS;getNonExisting;1000;68,582;0,336;16
PCOLLECTIONS;getNonExisting;10000;169,249;1,597;16
PCOLLECTIONS;getNonExisting;100000;259,883;12,619;16
PCOLLECTIONS;getNonExisting;1000000;463,747;85,427;16,001
CLOJURE_HASH_MAP;getRandom;1;38,163;0,078;0
CLOJURE_HASH_MAP;getRandom;4;36,396;0,051;0
CLOJURE_HASH_MAP;getRandom;10;36,116;0,189;0
CLOJURE_HASH_MAP;getRandom;15;37,039;0,155;0
CLOJURE_HASH_MAP;getRandom;20;37,225;0,477;0
CLOJURE_HASH_MAP;getRandom;25;37,083;0,337;0
CLOJURE_HASH_MAP;getRandom;50;37,911;0,06;0
CLOJURE_HASH_MAP;getRandom;100;37,875;0,064;0
CLOJURE_HASH_MAP;getRandom;1000;46,18;0,21;0
CLOJURE_HASH_MAP;getRandom;10000;63,706;0,153;0
CLOJURE_HASH_MAP;getRandom;100000;93,788;3,443;0
CLOJURE_HASH_MAP;getRandom;1000000;234,203;12,89;0
SCALA_HASH_MAP;getRandom;1;23,106;0,23;16
SCALA_HASH_MAP;getRandom;4;20,593;1,217;16
SCALA_HASH_MAP;getRandom;10;19,383;0,177;16
SCALA_HASH_MAP;getRandom;15;27,851;0,618;16
SCALA_HASH_MAP;getRandom;20;27,674;0,382;16
SCALA_HASH_MAP;getRandom;25;29,481;0,762;16
SCALA_HASH_MAP;getRandom;50;31,12;0,518;16
SCALA_HASH_MAP;getRandom;100;22,689;0,283;16
SCALA_HASH_MAP;getRandom;1000;31,966;0,562;16
SCALA_HASH_MAP;getRandom;10000;53,497;1,788;16
SCALA_HASH_MAP;getRandom;100000;71,69;7,507;16
SCALA_HASH_MAP;getRandom;1000000;245,186;51,466;16
SCALA_TREE_MAP;getRandom;1;25,088;0,233;16
SCALA_TREE_MAP;getRandom;4;28,86;0,734;16
SCALA_TREE_MAP;getRandom;10;33,598;0,903;16
SCALA_TREE_MAP;getRandom;15;35,201;0,927;16
SCALA_TREE_MAP;getRandom;20;37,429;0,966;16
SCALA_TREE_MAP;getRandom;25;39,178;1,075;16
SCALA_TREE_MAP;getRandom;50;43,299;1,197;16
SCALA_TREE_MAP;getRandom;100;52,204;1,77;16
SCALA_TREE_MAP;getRandom;1000;107,607;6,7;12,181
SCALA_TREE_MAP;getRandom;10000;130,21;0,403;0
SCALA_TREE_MAP;getRandom;100000;195,818;11,091;0
SCALA_TREE_MAP;getRandom;1000000;187,022;0,712;0
JAVASLANG_HASH_MAP;getRandom;1;16,291;0,255;16
JAVASLANG_HASH_MAP;getRandom;4;21,515;0,1;16
JAVASLANG_HASH_MAP;getRandom;10;24,327;0,112;16
JAVASLANG_HASH_MAP;getRandom;15;22,765;0,136;16
JAVASLANG_HASH_MAP;getRandom;20;25,118;0,278;16
JAVASLANG_HASH_MAP;getRandom;25;20,803;0,729;16
JAVASLANG_HASH_MAP;getRandom;50;23,792;0,056;16
JAVASLANG_HASH_MAP;getRandom;100;25,196;0,071;16
JAVASLANG_HASH_MAP;getRandom;1000;41,809;1,222;16
JAVASLANG_HASH_MAP;getRandom;10000;55,949;0,916;16
JAVASLANG_HASH_MAP;getRandom;100000;81,784;3,854;16
JAVASLANG_HASH_MAP;getRandom;1000000;237,865;57,569;16,014
JAVASLANG_TREE_MAP;getRandom;1;22,18;0,304;16
JAVASLANG_TREE_MAP;getRandom;4;27,892;0,486;56
JAVASLANG_TREE_MAP;getRandom;10;32,649;0,472;56
JAVASLANG_TREE_MAP;getRandom;15;33,66;0,122;56
JAVASLANG_TREE_MAP;getRandom;20;36,212;0,206;56
JAVASLANG_TREE_MAP;getRandom;25;38,389;0,21;56
JAVASLANG_TREE_MAP;getRandom;50;42,408;0,198;56
JAVASLANG_TREE_MAP;getRandom;100;47,797;0,222;56
JAVASLANG_TREE_MAP;getRandom;1000;86,876;0,438;56
JAVASLANG_TREE_MAP;getRandom;10000;128,647;4,159;56
JAVASLANG_TREE_MAP;getRandom;100000;153,212;9,966;56
JAVASLANG_TREE_MAP;getRandom;1000000;190,242;1,125;56
PCOLLECTIONS;getRandom;1;19,757;0,139;16
PCOLLECTIONS;getRandom;4;18,166;0,091;16
PCOLLECTIONS;getRandom;10;20,515;0,056;16
PCOLLECTIONS;getRandom;15;20,647;0,214;16
PCOLLECTIONS;getRandom;20;21,287;0,043;16
PCOLLECTIONS;getRandom;25;22,561;0,719;16
PCOLLECTIONS;getRandom;50;23,834;0,085;16
PCOLLECTIONS;getRandom;100;26,336;0,18;16
PCOLLECTIONS;getRandom;1000;77,979;0,516;16
PCOLLECTIONS;getRandom;10000;165,424;1,439;16
PCOLLECTIONS;getRandom;100000;255,138;17,15;16
PCOLLECTIONS;getRandom;1000000;510,113;75,701;16,001
CLOJURE_HASH_MAP;putAndGetCollision;1;237,17;0,705;560
CLOJURE_HASH_MAP;putAndGetCollision;4;316,196;1,044;596,001
CLOJURE_HASH_MAP;putAndGetCollision;10;379,189;1,525;621,601
CLOJURE_HASH_MAP;putAndGetCollision;15;316,948;1,355;629,334
CLOJURE_HASH_MAP;putAndGetCollision;20;337,743;1,155;596,001
CLOJURE_HASH_MAP;putAndGetCollision;25;332,316;1,272;655,041
CLOJURE_HASH_MAP;putAndGetCollision;50;356,81;1,888;681,761
CLOJURE_HASH_MAP;putAndGetCollision;100;374,987;1,624;756,401
CLOJURE_HASH_MAP;putAndGetCollision;1000;405,063;2,044;833,281
CLOJURE_HASH_MAP;putAndGetCollision;10000;538,4;5,868;949,996
CLOJURE_HASH_MAP;putAndGetCollision;100000;736,911;7,187;1091,34
CLOJURE_HASH_MAP;putAndGetCollision;1000000;1054,274;35,778;1167,418
SCALA_HASH_MAP;putAndGetCollision;1;54,7;1,124;112
SCALA_HASH_MAP;putAndGetCollision;4;58,577;1,112;156
SCALA_HASH_MAP;putAndGetCollision;10;93,709;0,301;196
SCALA_HASH_MAP;putAndGetCollision;15;98,895;0,458;208,533
SCALA_HASH_MAP;putAndGetCollision;20;101,239;0,45;213,6
SCALA_HASH_MAP;putAndGetCollision;25;139,693;0,638;226,56
SCALA_HASH_MAP;putAndGetCollision;50;138,57;1,263;254,4
SCALA_HASH_MAP;putAndGetCollision;100;155,27;0,629;296,24
SCALA_HASH_MAP;putAndGetCollision;1000;219,5;0,965;402,928
SCALA_HASH_MAP;putAndGetCollision;10000;307,501;1,382;527,941
SCALA_HASH_MAP;putAndGetCollision;100000;486,062;15,984;629,471
SCALA_HASH_MAP;putAndGetCollision;1000000;984,575;27,902;736,878
SCALA_TREE_MAP;putAndGetCollision;1;61,078;0,552;144
SCALA_TREE_MAP;putAndGetCollision;4;77,531;1,633;184
SCALA_TREE_MAP;putAndGetCollision;10;100,319;0,363;236,8
SCALA_TREE_MAP;putAndGetCollision;15;114,968;0,859;276,267
SCALA_TREE_MAP;putAndGetCollision;20;121,124;0,63;284,8
SCALA_TREE_MAP;putAndGetCollision;25;129,835;1,561;301,44
SCALA_TREE_MAP;putAndGetCollision;50;179,492;1,386;347,52
SCALA_TREE_MAP;putAndGetCollision;100;180,025;0,824;395,84
SCALA_TREE_MAP;putAndGetCollision;1000;323,45;1,906;540,929
SCALA_TREE_MAP;putAndGetCollision;10000;415,964;1,33;698,308
SCALA_TREE_MAP;putAndGetCollision;100000;553,096;3,714;858,864
SCALA_TREE_MAP;putAndGetCollision;1000000;675,143;7,867;1018,766
JAVASLANG_HASH_MAP;putAndGetCollision;1;36,493;0,17;96
JAVASLANG_HASH_MAP;putAndGetCollision;4;86,158;2,909;198
JAVASLANG_HASH_MAP;putAndGetCollision;10;100,271;0,379;241,6
JAVASLANG_HASH_MAP;putAndGetCollision;15;97,649;0,406;232,533
JAVASLANG_HASH_MAP;putAndGetCollision;20;105,082;0,59;263,6
JAVASLANG_HASH_MAP;putAndGetCollision;25;93,282;0,312;273,6
JAVASLANG_HASH_MAP;putAndGetCollision;50;107,805;2,16;332,32
JAVASLANG_HASH_MAP;putAndGetCollision;100;131,214;0,704;351,44
JAVASLANG_HASH_MAP;putAndGetCollision;1000;177,372;0,708;448,92
JAVASLANG_HASH_MAP;putAndGetCollision;10000;274,823;1,019;585,852
JAVASLANG_HASH_MAP;putAndGetCollision;100000;445,473;16,515;693,672
JAVASLANG_HASH_MAP;putAndGetCollision;1000000;785,387;23,537;785,998
JAVASLANG_TREE_MAP;putAndGetCollision;1;45,729;2,475;136
JAVASLANG_TREE_MAP;putAndGetCollision;4;74,809;0,315;266
JAVASLANG_TREE_MAP;putAndGetCollision;10;95,129;0,445;332
JAVASLANG_TREE_MAP;putAndGetCollision;15;108,053;0,916;381,334
JAVASLANG_TREE_MAP;putAndGetCollision;20;114,836;0,775;392
JAVASLANG_TREE_MAP;putAndGetCollision;25;125,221;0,509;412,8
JAVASLANG_TREE_MAP;putAndGetCollision;50;149,501;1,134;470,4
JAVASLANG_TREE_MAP;putAndGetCollision;100;169,966;0,541;530,8
JAVASLANG_TREE_MAP;putAndGetCollision;1000;339,788;1,434;732,161
JAVASLANG_TREE_MAP;putAndGetCollision;10000;423,248;1,453;928,885
JAVASLANG_TREE_MAP;putAndGetCollision;100000;611,179;2,718;1129,58
JAVASLANG_TREE_MAP;putAndGetCollision;1000000;775,137;17,538;1329,457
PCOLLECTIONS;putAndGetCollision;1;45,522;0,225;160
PCOLLECTIONS;putAndGetCollision;4;54,678;0,253;180
PCOLLECTIONS;putAndGetCollision;10;71,494;0,225;196
PCOLLECTIONS;putAndGetCollision;15;79,636;0,255;240
PCOLLECTIONS;putAndGetCollision;20;79,748;0,41;222
PCOLLECTIONS;putAndGetCollision;25;84,209;0,813;232
PCOLLECTIONS;putAndGetCollision;50;103,856;0,704;287,2
PCOLLECTIONS;putAndGetCollision;100;120,819;0,715;323,6
PCOLLECTIONS;putAndGetCollision;1000;314,27;1,127;493,065
PCOLLECTIONS;putAndGetCollision;10000;517,202;2,662;643
PCOLLECTIONS;putAndGetCollision;100000;891,003;46,295;793,612
PCOLLECTIONS;putAndGetCollision;1000000;1652,011;50,268;960,09
CLOJURE_HASH_MAP;putAndGetDistinct;1;238,971;0,604;560
CLOJURE_HASH_MAP;putAndGetDistinct;4;230,031;0,672;532
CLOJURE_HASH_MAP;putAndGetDistinct;10;229,192;1,195;556
CLOJURE_HASH_MAP;putAndGetDistinct;15;228,604;0,444;576
CLOJURE_HASH_MAP;putAndGetDistinct;20;297,42;3,061;680
CLOJURE_HASH_MAP;putAndGetDistinct;25;277,214;0,929;649,6
CLOJURE_HASH_MAP;putAndGetDistinct;50;278,182;2,268;711,68
CLOJURE_HASH_MAP;putAndGetDistinct;100;271,634;0,769;727,04
CLOJURE_HASH_MAP;putAndGetDistinct;1000;328,146;1,44;864,321
CLOJURE_HASH_MAP;putAndGetDistinct;10000;320,296;1,189;927,969
CLOJURE_HASH_MAP;putAndGetDistinct;100000;425,907;4,973;1062,125
CLOJURE_HASH_MAP;putAndGetDistinct;1000000;670,978;38,732;1199,529
SCALA_HASH_MAP;putAndGetDistinct;1;54,978;0,116;112
SCALA_HASH_MAP;putAndGetDistinct;4;60,801;0,327;152
SCALA_HASH_MAP;putAndGetDistinct;10;71,848;0,272;171,2
SCALA_HASH_MAP;putAndGetDistinct;15;74,011;0,201;182,933
SCALA_HASH_MAP;putAndGetDistinct;20;92,665;0,439;193,6
SCALA_HASH_MAP;putAndGetDistinct;25;103,768;0,508;204,16
SCALA_HASH_MAP;putAndGetDistinct;50;98,549;0,444;257,44
SCALA_HASH_MAP;putAndGetDistinct;100;107,83;0,688;285,68
SCALA_HASH_MAP;putAndGetDistinct;1000;173,642;2,039;385,112
SCALA_HASH_MAP;putAndGetDistinct;10000;242,63;0,908;501,263
SCALA_HASH_MAP;putAndGetDistinct;100000;454,201;10,36;616,846
SCALA_HASH_MAP;putAndGetDistinct;1000000;762,331;91,527;719,109
SCALA_TREE_MAP;putAndGetDistinct;1;61,465;0,392;144
SCALA_TREE_MAP;putAndGetDistinct;4;77,112;0,287;184
SCALA_TREE_MAP;putAndGetDistinct;10;99,269;0,45;236,8
SCALA_TREE_MAP;putAndGetDistinct;15;113,503;0,432;276,267
SCALA_TREE_MAP;putAndGetDistinct;20;120,36;0,333;284,8
SCALA_TREE_MAP;putAndGetDistinct;25;129,633;0,406;301,44
SCALA_TREE_MAP;putAndGetDistinct;50;151,457;0,522;347,52
SCALA_TREE_MAP;putAndGetDistinct;100;181,583;0,96;395,84
SCALA_TREE_MAP;putAndGetDistinct;1000;322,52;1,207;540,929
SCALA_TREE_MAP;putAndGetDistinct;10000;414,546;1,766;698,308
SCALA_TREE_MAP;putAndGetDistinct;100000;554,685;3,638;858,864
SCALA_TREE_MAP;putAndGetDistinct;1000000;671,151;8,919;1018,766
JAVASLANG_HASH_MAP;putAndGetDistinct;1;37,124;0,215;96
JAVASLANG_HASH_MAP;putAndGetDistinct;4;72,698;2,683;136
JAVASLANG_HASH_MAP;putAndGetDistinct;10;73,773;0,29;155,2
JAVASLANG_HASH_MAP;putAndGetDistinct;15;76,224;0,424;166,933
JAVASLANG_HASH_MAP;putAndGetDistinct;20;71,765;0,557;188
JAVASLANG_HASH_MAP;putAndGetDistinct;25;68,569;0,262;203,2
JAVASLANG_HASH_MAP;putAndGetDistinct;50;78,283;2,863;250,88
JAVASLANG_HASH_MAP;putAndGetDistinct;100;88,793;0,515;284,32
JAVASLANG_HASH_MAP;putAndGetDistinct;1000;106,806;2;381,84
JAVASLANG_HASH_MAP;putAndGetDistinct;10000;148,162;0,614;485,685
JAVASLANG_HASH_MAP;putAndGetDistinct;100000;259,213;4,203;618,963
JAVASLANG_HASH_MAP;putAndGetDistinct;1000000;338,572;12,406;716,586
JAVASLANG_TREE_MAP;putAndGetDistinct;1;43,931;0,176;136
JAVASLANG_TREE_MAP;putAndGetDistinct;4;72,666;0,394;266
JAVASLANG_TREE_MAP;putAndGetDistinct;10;94,887;0,431;332
JAVASLANG_TREE_MAP;putAndGetDistinct;15;112,974;0,574;381,334
JAVASLANG_TREE_MAP;putAndGetDistinct;20;118,235;0,613;392
JAVASLANG_TREE_MAP;putAndGetDistinct;25;125,322;0,608;412,8
JAVASLANG_TREE_MAP;putAndGetDistinct;50;147,469;0,859;470,4
JAVASLANG_TREE_MAP;putAndGetDistinct;100;171,837;0,737;530,8
JAVASLANG_TREE_MAP;putAndGetDistinct;1000;333,881;1,195;732,161
JAVASLANG_TREE_MAP;putAndGetDistinct;10000;420,215;1,277;928,885
JAVASLANG_TREE_MAP;putAndGetDistinct;100000;611,888;2,55;1129,58
JAVASLANG_TREE_MAP;putAndGetDistinct;1000000;781,249;29,75;1329,457
PCOLLECTIONS;putAndGetDistinct;1;46,453;1,114;160
PCOLLECTIONS;putAndGetDistinct;4;65,18;0,662;220
PCOLLECTIONS;putAndGetDistinct;10;84,746;0,294;288
PCOLLECTIONS;putAndGetDistinct;15;97,293;0,289;330,667
PCOLLECTIONS;putAndGetDistinct;20;106,206;0,427;358
PCOLLECTIONS;putAndGetDistinct;25;115,296;1,21;377,6
PCOLLECTIONS;putAndGetDistinct;50;143,272;0,561;455,2
PCOLLECTIONS;putAndGetDistinct;100;176,658;0,655;543,2
PCOLLECTIONS;putAndGetDistinct;1000;319,265;2,089;900,177
PCOLLECTIONS;putAndGetDistinct;10000;453,217;1,494;1235,126
PCOLLECTIONS;putAndGetDistinct;100000;736,489;5,069;1569,138
PCOLLECTIONS;putAndGetDistinct;1000000;1054,717;44,522;1899,515
CLOJURE_HASH_MAP;putAndGetRandom;1;237,069;0,7;560
CLOJURE_HASH_MAP;putAndGetRandom;4;231,679;0,824;532
CLOJURE_HASH_MAP;putAndGetRandom;10;263,902;0,598;608
CLOJURE_HASH_MAP;putAndGetRandom;15;271,459;0,978;633,067
CLOJURE_HASH_MAP;putAndGetRandom;20;274,819;0,661;613,2
CLOJURE_HASH_MAP;putAndGetRandom;25;316,685;2,281;681,281
CLOJURE_HASH_MAP;putAndGetRandom;50;295,558;1,894;715,68
CLOJURE_HASH_MAP;putAndGetRandom;100;294,343;1,481;732,56
CLOJURE_HASH_MAP;putAndGetRandom;1000;374,469;1,465;866,249
CLOJURE_HASH_MAP;putAndGetRandom;10000;396,92;1,303;943,99
CLOJURE_HASH_MAP;putAndGetRandom;100000;570,061;2,984;1070,173
CLOJURE_HASH_MAP;putAndGetRandom;1000000;912,165;18,428;1199,649
SCALA_HASH_MAP;putAndGetRandom;1;54,563;0,225;112
SCALA_HASH_MAP;putAndGetRandom;4;60,934;0,242;152
SCALA_HASH_MAP;putAndGetRandom;10;72,103;0,249;171,2
SCALA_HASH_MAP;putAndGetRandom;15;82,511;0,288;187,733
SCALA_HASH_MAP;putAndGetRandom;20;108,51;1,603;198
SCALA_HASH_MAP;putAndGetRandom;25;90,073;1,176;210,56
SCALA_HASH_MAP;putAndGetRandom;50;98,03;0,575;245,6
SCALA_HASH_MAP;putAndGetRandom;100;103,441;0,7;285,68
SCALA_HASH_MAP;putAndGetRandom;1000;167,578;2,714;384,224
SCALA_HASH_MAP;putAndGetRandom;10000;247,942;1,284;501,322
SCALA_HASH_MAP;putAndGetRandom;100000;452,081;10,43;617,076
SCALA_HASH_MAP;putAndGetRandom;1000000;800,639;85,396;719,175
SCALA_TREE_MAP;putAndGetRandom;1;60,918;0,518;144
SCALA_TREE_MAP;putAndGetRandom;4;75,996;0,473;184
SCALA_TREE_MAP;putAndGetRandom;10;99,597;0,365;236,8
SCALA_TREE_MAP;putAndGetRandom;15;114,292;0,415;276,267
SCALA_TREE_MAP;putAndGetRandom;20;121,108;0,421;284,8
SCALA_TREE_MAP;putAndGetRandom;25;128,889;0,755;301,44
SCALA_TREE_MAP;putAndGetRandom;50;153,276;1,017;347,52
SCALA_TREE_MAP;putAndGetRandom;100;180,216;0,87;395,84
SCALA_TREE_MAP;putAndGetRandom;1000;297,862;1,408;540,928
SCALA_TREE_MAP;putAndGetRandom;10000;415,65;1,888;698,308
SCALA_TREE_MAP;putAndGetRandom;100000;553,373;3,543;858,864
SCALA_TREE_MAP;putAndGetRandom;1000000;671,276;7,71;1018,766
JAVASLANG_HASH_MAP;putAndGetRandom;1;36,987;0,122;96
JAVASLANG_HASH_MAP;putAndGetRandom;4;69,79;2,697;136
JAVASLANG_HASH_MAP;putAndGetRandom;10;82,975;0,432;158,4
JAVASLANG_HASH_MAP;putAndGetRandom;15;87,093;0,43;171,733
JAVASLANG_HASH_MAP;putAndGetRandom;20;85,43;0,304;182
JAVASLANG_HASH_MAP;putAndGetRandom;25;81,957;0,34;201,92
JAVASLANG_HASH_MAP;putAndGetRandom;50;95,374;0,46;247,04
JAVASLANG_HASH_MAP;putAndGetRandom;100;104,218;0,601;281,92
JAVASLANG_HASH_MAP;putAndGetRandom;1000;160,827;4,25;385,264
JAVASLANG_HASH_MAP;putAndGetRandom;10000;206,223;0,817;490,621
JAVASLANG_HASH_MAP;putAndGetRandom;100000;390,07;3,416;617,793
JAVASLANG_HASH_MAP;putAndGetRandom;1000000;736,926;33,933;717,898
JAVASLANG_TREE_MAP;putAndGetRandom;1;45,175;2,327;136
JAVASLANG_TREE_MAP;putAndGetRandom;4;73,668;0,58;266
JAVASLANG_TREE_MAP;putAndGetRandom;10;95,454;0,694;332
JAVASLANG_TREE_MAP;putAndGetRandom;15;113,062;0,768;381,334
JAVASLANG_TREE_MAP;putAndGetRandom;20;120,059;0,661;392
JAVASLANG_TREE_MAP;putAndGetRandom;25;125,405;0,464;412,8
JAVASLANG_TREE_MAP;putAndGetRandom;50;145,127;0,516;470,4
JAVASLANG_TREE_MAP;putAndGetRandom;100;175,822;0,687;530,8
JAVASLANG_TREE_MAP;putAndGetRandom;1000;327,379;1,232;732,161
JAVASLANG_TREE_MAP;putAndGetRandom;10000;422,223;1,35;928,885
JAVASLANG_TREE_MAP;putAndGetRandom;100000;608,433;2,139;1129,58
JAVASLANG_TREE_MAP;putAndGetRandom;1000000;778,479;12,835;1329,457
PCOLLECTIONS;putAndGetRandom;1;48,4;0,446;176
PCOLLECTIONS;putAndGetRandom;4;58,721;0,378;216
PCOLLECTIONS;putAndGetRandom;10;76,025;0,474;272
PCOLLECTIONS;putAndGetRandom;15;84,381;0,327;290,667
PCOLLECTIONS;putAndGetRandom;20;95,511;2,47;314
PCOLLECTIONS;putAndGetRandom;25;99,997;0,535;336
PCOLLECTIONS;putAndGetRandom;50;120,884;0,75;388,8
PCOLLECTIONS;putAndGetRandom;100;135,328;0,576;436,4
PCOLLECTIONS;putAndGetRandom;1000;324,042;0,997;588,121
PCOLLECTIONS;putAndGetRandom;10000;513,122;5,821;731,389
PCOLLECTIONS;putAndGetRandom;100000;840,367;4,613;902,627
PCOLLECTIONS;putAndGetRandom;1000000;1619,297;109,958;1050,978
CLOJURE_HASH_MAP;putCollision;1;192,588;0,612;520
CLOJURE_HASH_MAP;putCollision;4;233,619;0,679;560
CLOJURE_HASH_MAP;putCollision;10;266,699;0,845;613,6
CLOJURE_HASH_MAP;putCollision;15;253,361;0,845;590,934
CLOJURE_HASH_MAP;putCollision;20;237,937;0,732;599,6
CLOJURE_HASH_MAP;putCollision;25;251,186;0,849;653,76
CLOJURE_HASH_MAP;putCollision;50;282,99;11,133;692,16
CLOJURE_HASH_MAP;putCollision;100;288,654;1,483;755,68
CLOJURE_HASH_MAP;putCollision;1000;310,268;1,035;833,553
CLOJURE_HASH_MAP;putCollision;10000;361,858;1,226;909,933
CLOJURE_HASH_MAP;putCollision;100000;550,442;12,013;1091,355
CLOJURE_HASH_MAP;putCollision;1000000;705,696;15,742;1127,465
SCALA_HASH_MAP;putCollision;1;31,945;1,676;96
SCALA_HASH_MAP;putCollision;4;50,189;0,178;164
SCALA_HASH_MAP;putCollision;10;71,946;0,208;181,6
SCALA_HASH_MAP;putCollision;15;80,157;0,321;189,333
SCALA_HASH_MAP;putCollision;20;79,053;0,283;198
SCALA_HASH_MAP;putCollision;25;77,945;0,271;200,96
SCALA_HASH_MAP;putCollision;50;90,054;0,449;236,32
SCALA_HASH_MAP;putCollision;100;109,076;0,373;281,68
SCALA_HASH_MAP;putCollision;1000;157,733;1,332;386,28
SCALA_HASH_MAP;putCollision;10000;219,349;0,604;511,161
SCALA_HASH_MAP;putCollision;100000;335,943;11,207;613,545
SCALA_HASH_MAP;putCollision;1000000;596,144;53,1;720,904
SCALA_TREE_MAP;putCollision;1;37,83;0,579;128
SCALA_TREE_MAP;putCollision;4;44,383;0,239;168
SCALA_TREE_MAP;putCollision;10;61,672;0,489;220,8
SCALA_TREE_MAP;putCollision;15;75,283;1,775;260,267
SCALA_TREE_MAP;putCollision;20;78,542;2,48;268,8
SCALA_TREE_MAP;putCollision;25;86,219;0,281;285,44
SCALA_TREE_MAP;putCollision;50;104,408;0,522;331,52
SCALA_TREE_MAP;putCollision;100;127,26;18,518;379,84
SCALA_TREE_MAP;putCollision;1000;221,419;1,093;540,928
SCALA_TREE_MAP;putCollision;10000;298,451;1,103;698,308
SCALA_TREE_MAP;putCollision;100000;371,852;3,371;858,864
SCALA_TREE_MAP;putCollision;1000000;468,613;29,299;1018,766
JAVASLANG_HASH_MAP;putCollision;1;23,916;0,138;80
JAVASLANG_HASH_MAP;putCollision;4;38,388;0,904;132
JAVASLANG_HASH_MAP;putCollision;10;52,33;0,222;148,8
JAVASLANG_HASH_MAP;putCollision;15;59,784;0,841;164,8
JAVASLANG_HASH_MAP;putCollision;20;57,654;0,417;164
JAVASLANG_HASH_MAP;putCollision;25;57,189;0,324;175,68
JAVASLANG_HASH_MAP;putCollision;50;68,122;1,273;233,12
JAVASLANG_HASH_MAP;putCollision;100;86,489;0,832;277,52
JAVASLANG_HASH_MAP;putCollision;1000;110,605;0,479;356,512
JAVASLANG_HASH_MAP;putCollision;10000;190,202;0,765;489,929
JAVASLANG_HASH_MAP;putCollision;100000;300,151;2,893;612,234
JAVASLANG_HASH_MAP;putCollision;1000000;470,93;8,791;690,497
JAVASLANG_TREE_MAP;putCollision;1;25,172;0,18;120
JAVASLANG_TREE_MAP;putCollision;4;46,676;0,241;210
JAVASLANG_TREE_MAP;putCollision;10;61,626;0,429;276
JAVASLANG_TREE_MAP;putCollision;15;73,304;0,448;325,333
JAVASLANG_TREE_MAP;putCollision;20;78,037;0,615;336
JAVASLANG_TREE_MAP;putCollision;25;83,51;0,531;356,8
JAVASLANG_TREE_MAP;putCollision;50;97,777;0,688;414,4
JAVASLANG_TREE_MAP;putCollision;100;116,381;3,164;474,8
JAVASLANG_TREE_MAP;putCollision;1000;212,062;1,017;676,16
JAVASLANG_TREE_MAP;putCollision;10000;284,66;1,254;872,884
JAVASLANG_TREE_MAP;putCollision;100000;361,797;3,851;1073,58
JAVASLANG_TREE_MAP;putCollision;1000000;550,642;34,283;1273,457
PCOLLECTIONS;putCollision;1;29,37;0,282;160
PCOLLECTIONS;putCollision;4;38,243;0,394;180
PCOLLECTIONS;putCollision;10;47,829;0,579;204
PCOLLECTIONS;putCollision;15;57,097;0,43;234,667
PCOLLECTIONS;putCollision;20;59,748;0,356;250
PCOLLECTIONS;putCollision;25;64,059;0,35;256
PCOLLECTIONS;putCollision;50;72,037;0,889;277,6
PCOLLECTIONS;putCollision;100;89,842;0,616;327,2
PCOLLECTIONS;putCollision;1000;211,347;0,689;482,752
PCOLLECTIONS;putCollision;10000;348,787;3,029;626,852
PCOLLECTIONS;putCollision;100000;576,934;19,12;782,296
PCOLLECTIONS;putCollision;1000000;1075,147;78,269;914,463
CLOJURE_HASH_MAP;putDistinct;1;202,019;0,942;560
CLOJURE_HASH_MAP;putDistinct;4;192,938;0,525;532
CLOJURE_HASH_MAP;putDistinct;10;194,485;0,534;556
CLOJURE_HASH_MAP;putDistinct;15;196,199;0,669;576
CLOJURE_HASH_MAP;putDistinct;20;260,226;0,862;680
CLOJURE_HASH_MAP;putDistinct;25;252,787;0,691;689,6
CLOJURE_HASH_MAP;putDistinct;50;239,781;0,817;711,68
CLOJURE_HASH_MAP;putDistinct;100;233,548;0,962;727,04
CLOJURE_HASH_MAP;putDistinct;1000;281,244;1,639;864,32
CLOJURE_HASH_MAP;putDistinct;10000;273,552;1,622;927,968
CLOJURE_HASH_MAP;putDistinct;100000;353,407;2,922;1062,125
CLOJURE_HASH_MAP;putDistinct;1000000;556,443;30,315;1199,529
SCALA_HASH_MAP;putDistinct;1;32,916;0,258;96
SCALA_HASH_MAP;putDistinct;4;39,414;0,198;136
SCALA_HASH_MAP;putDistinct;10;50,499;0,322;155,2
SCALA_HASH_MAP;putDistinct;15;53,673;0,202;166,933
SCALA_HASH_MAP;putDistinct;20;81,945;0,182;177,6
SCALA_HASH_MAP;putDistinct;25;83,051;0,318;188,16
SCALA_HASH_MAP;putDistinct;50;68,508;0,48;241,44
SCALA_HASH_MAP;putDistinct;100;77,854;0,781;269,68
SCALA_HASH_MAP;putDistinct;1000;132,865;1,154;369,112
SCALA_HASH_MAP;putDistinct;10000;182,636;1,647;485,263
SCALA_HASH_MAP;putDistinct;100000;260,998;3,835;600,845
SCALA_HASH_MAP;putDistinct;1000000;530,118;73,857;703,109
SCALA_TREE_MAP;putDistinct;1;37,733;0,499;128
SCALA_TREE_MAP;putDistinct;4;44,987;0,253;168
SCALA_TREE_MAP;putDistinct;10;62,201;1,367;220,8
SCALA_TREE_MAP;putDistinct;15;73,691;0,519;260,267
SCALA_TREE_MAP;putDistinct;20;77,798;0,501;268,8
SCALA_TREE_MAP;putDistinct;25;86,391;0,467;285,44
SCALA_TREE_MAP;putDistinct;50;105,049;0,386;331,52
SCALA_TREE_MAP;putDistinct;100;123,602;0,511;379,84
SCALA_TREE_MAP;putDistinct;1000;219,979;1,322;540,928
SCALA_TREE_MAP;putDistinct;10000;298,754;1,808;698,308
SCALA_TREE_MAP;putDistinct;100000;374,233;2,731;858,864
SCALA_TREE_MAP;putDistinct;1000000;479,031;23,491;1018,766
JAVASLANG_HASH_MAP;putDistinct;1;23,93;0,094;80
JAVASLANG_HASH_MAP;putDistinct;4;42,501;0,598;120
JAVASLANG_HASH_MAP;putDistinct;10;51,283;0,561;139,2
JAVASLANG_HASH_MAP;putDistinct;15;52,385;0,266;150,933
JAVASLANG_HASH_MAP;putDistinct;20;54,807;0,102;172
JAVASLANG_HASH_MAP;putDistinct;25;52,42;0,361;187,2
JAVASLANG_HASH_MAP;putDistinct;50;50,605;0,394;234,88
JAVASLANG_HASH_MAP;putDistinct;100;64,158;0,63;268,32
JAVASLANG_HASH_MAP;putDistinct;1000;83,845;0,521;365,84
JAVASLANG_HASH_MAP;putDistinct;10000;120,63;0,529;469,685
JAVASLANG_HASH_MAP;putDistinct;100000;193,398;1,627;602,962
JAVASLANG_HASH_MAP;putDistinct;1000000;271,819;12,235;700,586
JAVASLANG_TREE_MAP;putDistinct;1;24,551;0,377;120
JAVASLANG_TREE_MAP;putDistinct;4;46,32;0,311;210
JAVASLANG_TREE_MAP;putDistinct;10;61,773;0,386;276
JAVASLANG_TREE_MAP;putDistinct;15;75,041;0,355;325,333
JAVASLANG_TREE_MAP;putDistinct;20;78,456;0,513;336
JAVASLANG_TREE_MAP;putDistinct;25;83,46;0,654;356,8
JAVASLANG_TREE_MAP;putDistinct;50;98,064;0,449;414,4
JAVASLANG_TREE_MAP;putDistinct;100;115,461;0,889;474,8
JAVASLANG_TREE_MAP;putDistinct;1000;212,66;1,234;676,16
JAVASLANG_TREE_MAP;putDistinct;10000;278,18;1,531;872,884
JAVASLANG_TREE_MAP;putDistinct;100000;352,866;3,546;1073,58
JAVASLANG_TREE_MAP;putDistinct;1000000;542,939;37,971;1273,457
PCOLLECTIONS;putDistinct;1;29,398;0,158;160
PCOLLECTIONS;putDistinct;4;49,051;0,271;220
PCOLLECTIONS;putDistinct;10;66,368;0,409;288
PCOLLECTIONS;putDistinct;15;77,816;0,421;330,667
PCOLLECTIONS;putDistinct;20;87,088;1,33;358
PCOLLECTIONS;putDistinct;25;93,076;0,713;377,6
PCOLLECTIONS;putDistinct;50;117,353;0,533;455,2
PCOLLECTIONS;putDistinct;100;146,056;1,009;543,2
PCOLLECTIONS;putDistinct;1000;256,076;1,251;886,224
PCOLLECTIONS;putDistinct;10000;372,763;4,139;1219,331
PCOLLECTIONS;putDistinct;100000;528,817;5,224;1553,158
PCOLLECTIONS;putDistinct;1000000;915,998;13,626;1883,516
CLOJURE_HASH_MAP;putRandom;1;202,117;2,015;560
CLOJURE_HASH_MAP;putRandom;4;196,029;2,132;532
CLOJURE_HASH_MAP;putRandom;10;215,171;0,819;564,8
CLOJURE_HASH_MAP;putRandom;15;227,324;0,762;595,734
CLOJURE_HASH_MAP;putRandom;20;235,637;0,926;641,2
CLOJURE_HASH_MAP;putRandom;25;276,822;1,143;693,76
CLOJURE_HASH_MAP;putRandom;50;252,359;0,829;716,48
CLOJURE_HASH_MAP;putRandom;100;249,316;0,925;737,84
CLOJURE_HASH_MAP;putRandom;1000;323,365;1,076;865,505
CLOJURE_HASH_MAP;putRandom;10000;334,75;1,127;943,921
CLOJURE_HASH_MAP;putRandom;100000;464,605;3,363;1070,07
CLOJURE_HASH_MAP;putRandom;1000000;699,634;30,091;1199,653
SCALA_HASH_MAP;putRandom;1;32,888;0,255;96
SCALA_HASH_MAP;putRandom;4;40,242;0,303;136
SCALA_HASH_MAP;putRandom;10;51,32;0,309;157,6
SCALA_HASH_MAP;putRandom;15;53,735;0,313;169,6
SCALA_HASH_MAP;putRandom;20;59,919;0,383;182
SCALA_HASH_MAP;putRandom;25;86,509;0,285;193,92
SCALA_HASH_MAP;putRandom;50;66,838;0,6;229,6
SCALA_HASH_MAP;putRandom;100;77,315;0,77;263,12
SCALA_HASH_MAP;putRandom;1000;128,713;2,033;368,272
SCALA_HASH_MAP;putRandom;10000;190,531;0,942;485,335
SCALA_HASH_MAP;putRandom;100000;274,824;3,025;600,913
SCALA_HASH_MAP;putRandom;1000000;549,197;56,038;703,119
SCALA_TREE_MAP;putRandom;1;38,104;1,021;128
SCALA_TREE_MAP;putRandom;4;45,179;0,336;168
SCALA_TREE_MAP;putRandom;10;62,044;0,614;220,8
SCALA_TREE_MAP;putRandom;15;74,206;0,436;260,267
SCALA_TREE_MAP;putRandom;20;77,497;0,326;268,8
SCALA_TREE_MAP;putRandom;25;87,052;0,302;285,44
SCALA_TREE_MAP;putRandom;50;104,97;0,31;331,52
SCALA_TREE_MAP;putRandom;100;123,906;0,553;379,84
SCALA_TREE_MAP;putRandom;1000;221,426;1,327;540,928
SCALA_TREE_MAP;putRandom;10000;299,39;1,205;698,308
SCALA_TREE_MAP;putRandom;100000;373,612;2,582;858,864
SCALA_TREE_MAP;putRandom;1000000;484,719;30,662;1018,766
JAVASLANG_HASH_MAP;putRandom;1;24,043;0,343;80
JAVASLANG_HASH_MAP;putRandom;4;43,122;0,166;120
JAVASLANG_HASH_MAP;putRandom;10;54,168;0,676;143,2
JAVASLANG_HASH_MAP;putRandom;15;56,57;0,346;155,2
JAVASLANG_HASH_MAP;putRandom;20;55,003;0,182;168
JAVASLANG_HASH_MAP;putRandom;25;64,431;0,586;185,28
JAVASLANG_HASH_MAP;putRandom;50;68,081;0,344;223,52
JAVASLANG_HASH_MAP;putRandom;100;77,138;1,276;264,24
JAVASLANG_HASH_MAP;putRandom;1000;116,304;2,124;366,592
JAVASLANG_HASH_MAP;putRandom;10000;160,243;0,725;474,251
JAVASLANG_HASH_MAP;putRandom;100000;241,796;3,558;601,684
JAVASLANG_HASH_MAP;putRandom;1000000;469,639;33,101;701,894
JAVASLANG_TREE_MAP;putRandom;1;25,144;0,946;120
JAVASLANG_TREE_MAP;putRandom;4;46,387;0,291;210
JAVASLANG_TREE_MAP;putRandom;10;62,913;0,28;276
JAVASLANG_TREE_MAP;putRandom;15;74,091;0,43;325,333
JAVASLANG_TREE_MAP;putRandom;20;78,171;0,28;336
JAVASLANG_TREE_MAP;putRandom;25;84,509;0,68;356,8
JAVASLANG_TREE_MAP;putRandom;50;97,948;0,804;414,4
JAVASLANG_TREE_MAP;putRandom;100;117,343;0,826;474,8
JAVASLANG_TREE_MAP;putRandom;1000;212,48;1,551;676,16
JAVASLANG_TREE_MAP;putRandom;10000;285,346;0,835;872,884
JAVASLANG_TREE_MAP;putRandom;100000;358,65;3,949;1073,58
JAVASLANG_TREE_MAP;putRandom;1000000;554,187;43,041;1273,457
PCOLLECTIONS;putRandom;1;30,268;0,322;160
PCOLLECTIONS;putRandom;4;42,142;0,297;200
PCOLLECTIONS;putRandom;10;55,372;0,422;248
PCOLLECTIONS;putRandom;15;66,493;0,582;288
PCOLLECTIONS;putRandom;20;80,009;0,668;340
PCOLLECTIONS;putRandom;25;77,544;0,641;313,6
PCOLLECTIONS;putRandom;50;95,824;0,803;374,4
PCOLLECTIONS;putRandom;100;108,381;0,814;424,8
PCOLLECTIONS;putRandom;1000;234,069;1,192;588,68
PCOLLECTIONS;putRandom;10000;369,908;3,259;718,981
PCOLLECTIONS;putRandom;100000;516,231;7,049;840,929
PCOLLECTIONS;putRandom;1000000;1109,664;115,881;1032,478
CLOJURE_HASH_MAP;removeCollision;1;74,193;0,512;120
CLOJURE_HASH_MAP;removeCollision;4;77,51;1,884;150
CLOJURE_HASH_MAP;removeCollision;10;88,452;0,316;175,2
CLOJURE_HASH_MAP;removeCollision;15;89,385;0,273;184,533
CLOJURE_HASH_MAP;removeCollision;20;91,42;3,339;198,4
CLOJURE_HASH_MAP;removeCollision;25;91,575;1,637;211,84
CLOJURE_HASH_MAP;removeCollision;50;95,991;0,49;293,6
CLOJURE_HASH_MAP;removeCollision;100;107,962;0,373;319,52
CLOJURE_HASH_MAP;removeCollision;1000;137,506;1,07;392,688
CLOJURE_HASH_MAP;removeCollision;10000;186,44;0,808;509,16
CLOJURE_HASH_MAP;removeCollision;100000;356,55;1,648;656,509
CLOJURE_HASH_MAP;removeCollision;1000000;436,037;6,82;727,11
SCALA_HASH_MAP;removeCollision;1;18,105;1,13;40
SCALA_HASH_MAP;removeCollision;4;62,4;0,263;126
SCALA_HASH_MAP;removeCollision;10;84,589;0,27;155,2
SCALA_HASH_MAP;removeCollision;15;124,649;0,408;166,4
SCALA_HASH_MAP;removeCollision;20;146,352;0,595;195,6
SCALA_HASH_MAP;removeCollision;25;90,57;0,829;178,56
SCALA_HASH_MAP;removeCollision;50;102,767;0,436;222,08
SCALA_HASH_MAP;removeCollision;100;155,12;0,714;257,76
SCALA_HASH_MAP;removeCollision;1000;209,076;0,547;365,672
SCALA_HASH_MAP;removeCollision;10000;272,422;0,921;488,228
SCALA_HASH_MAP;removeCollision;100000;432,081;3,723;590,629
SCALA_HASH_MAP;removeCollision;1000000;637,678;18,425;698,934
SCALA_TREE_MAP;removeCollision;1;33,254;1,157;64
SCALA_TREE_MAP;removeCollision;4;50,433;0,346;128
SCALA_TREE_MAP;removeCollision;10;71,348;0,324;188,8
SCALA_TREE_MAP;removeCollision;15;80,358;0,397;211,2
SCALA_TREE_MAP;removeCollision;20;89,742;1,445;240
SCALA_TREE_MAP;removeCollision;25;79,563;0,734;257,28
SCALA_TREE_MAP;removeCollision;50;118,044;0,757;311,68
SCALA_TREE_MAP;removeCollision;100;143,023;0,836;374,4
SCALA_TREE_MAP;removeCollision;1000;191,061;2,782;575,136
SCALA_TREE_MAP;removeCollision;10000;270,327;1,4;783,095
SCALA_TREE_MAP;removeCollision;100000;425,166;3,53;1009,765
SCALA_TREE_MAP;removeCollision;1000000;522,159;7,866;1215,911
JAVASLANG_HASH_MAP;removeCollision;1;17,518;0,552;40
JAVASLANG_HASH_MAP;removeCollision;4;54,131;0,769;84
JAVASLANG_HASH_MAP;removeCollision;10;60,962;0,457;126,4
JAVASLANG_HASH_MAP;removeCollision;15;61,359;0,303;129,6
JAVASLANG_HASH_MAP;removeCollision;20;64,33;0,215;137,2
JAVASLANG_HASH_MAP;removeCollision;25;57,823;0,196;140,16
JAVASLANG_HASH_MAP;removeCollision;50;73,148;0,245;219,84
JAVASLANG_HASH_MAP;removeCollision;100;94,452;0,637;251,84
JAVASLANG_HASH_MAP;removeCollision;1000;142,322;3,129;322,088
JAVASLANG_HASH_MAP;removeCollision;10000;202,067;0,474;455,722
JAVASLANG_HASH_MAP;removeCollision;100000;329,446;8,189;584,718
JAVASLANG_HASH_MAP;removeCollision;1000000;492,493;13,132;657,489
JAVASLANG_TREE_MAP;removeCollision;1;40,607;0,472;104
JAVASLANG_TREE_MAP;removeCollision;4;58,901;0,255;196
JAVASLANG_TREE_MAP;removeCollision;10;73,132;0,611;246,4
JAVASLANG_TREE_MAP;removeCollision;15;82,52;0,314;260,8
JAVASLANG_TREE_MAP;removeCollision;20;90,557;0,431;291,2
JAVASLANG_TREE_MAP;removeCollision;25;95,939;0,326;303,36
JAVASLANG_TREE_MAP;removeCollision;50;119,387;0,667;358,88
JAVASLANG_TREE_MAP;removeCollision;100;140,573;0,95;419,76
JAVASLANG_TREE_MAP;removeCollision;1000;216,483;0,922;620,696
JAVASLANG_TREE_MAP;removeCollision;10000;293,323;1,334;840,446
JAVASLANG_TREE_MAP;removeCollision;100000;405,663;0,981;1055,101
JAVASLANG_TREE_MAP;removeCollision;1000000;501,608;2,584;1261,245
PCOLLECTIONS;removeCollision;1;30,864;0,11;64
PCOLLECTIONS;removeCollision;4;49,112;0,333;118
PCOLLECTIONS;removeCollision;10;62,864;0,19;150,4
PCOLLECTIONS;removeCollision;15;70,22;0,268;169,067
PCOLLECTIONS;removeCollision;20;77,332;0,303;189,2
PCOLLECTIONS;removeCollision;25;82,809;0,501;204,8
PCOLLECTIONS;removeCollision;50;94,869;0,516;238,4
PCOLLECTIONS;removeCollision;100;107,521;0,567;269,6
PCOLLECTIONS;removeCollision;1000;251,654;1,349;433,032
PCOLLECTIONS;removeCollision;10000;391,697;1,256;575,033
PCOLLECTIONS;removeCollision;100000;665,333;10,03;711,754
PCOLLECTIONS;removeCollision;1000000;1120,783;13,968;856,745
CLOJURE_HASH_MAP;removeDistinct;1;74,628;0,905;120
CLOJURE_HASH_MAP;removeDistinct;4;71,408;0,295;132
CLOJURE_HASH_MAP;removeDistinct;10;71,031;0,274;156
CLOJURE_HASH_MAP;removeDistinct;15;72,511;1,846;176
CLOJURE_HASH_MAP;removeDistinct;20;95,51;0,436;288
CLOJURE_HASH_MAP;removeDistinct;25;96,431;0,339;288
CLOJURE_HASH_MAP;removeDistinct;50;90,518;0,269;290,88
CLOJURE_HASH_MAP;removeDistinct;100;95,829;0,285;296,64
CLOJURE_HASH_MAP;removeDistinct;1000;130,181;1,359;456
CLOJURE_HASH_MAP;removeDistinct;10000;126,483;0,492;491,136
CLOJURE_HASH_MAP;removeDistinct;100000;208,226;1,221;632,272
CLOJURE_HASH_MAP;removeDistinct;1000000;565,187;42,65;792,001
SCALA_HASH_MAP;removeDistinct;1;17,848;0,273;40
SCALA_HASH_MAP;removeDistinct;4;47,673;0,163;72
SCALA_HASH_MAP;removeDistinct;10;56,712;0,366;93,6
SCALA_HASH_MAP;removeDistinct;15;47,099;0,17;105,6
SCALA_HASH_MAP;removeDistinct;20;62,481;0,37;116,8
SCALA_HASH_MAP;removeDistinct;25;63,478;0,138;127,36
SCALA_HASH_MAP;removeDistinct;50;83,182;0,344;153,6
SCALA_HASH_MAP;removeDistinct;100;93,818;0,238;199,84
SCALA_HASH_MAP;removeDistinct;1000;154,895;0,925;302,256
SCALA_HASH_MAP;removeDistinct;10000;212,769;0,819;420,176
SCALA_HASH_MAP;removeDistinct;100000;333,886;3,05;534,158
SCALA_HASH_MAP;removeDistinct;1000000;585,115;6,05;636,387
SCALA_TREE_MAP;removeDistinct;1;33,068;0,141;64
SCALA_TREE_MAP;removeDistinct;4;50,297;0,165;128
SCALA_TREE_MAP;removeDistinct;10;70,741;0,423;188,8
SCALA_TREE_MAP;removeDistinct;15;79,28;0,426;211,2
SCALA_TREE_MAP;removeDistinct;20;82,467;0,442;240
SCALA_TREE_MAP;removeDistinct;25;94,885;0,506;257,28
SCALA_TREE_MAP;removeDistinct;50;117,86;0,73;311,68
SCALA_TREE_MAP;removeDistinct;100;143,764;0,791;374,4
SCALA_TREE_MAP;removeDistinct;1000;219,604;3,013;575,136
SCALA_TREE_MAP;removeDistinct;10000;309,969;1,542;783,095
SCALA_TREE_MAP;removeDistinct;100000;425,789;2,658;1009,765
SCALA_TREE_MAP;removeDistinct;1000000;494,89;4,243;1215,911
JAVASLANG_HASH_MAP;removeDistinct;1;17,31;0,117;40
JAVASLANG_HASH_MAP;removeDistinct;4;46,384;0,208;78
JAVASLANG_HASH_MAP;removeDistinct;10;55,565;0,362;105,6
JAVASLANG_HASH_MAP;removeDistinct;15;57,694;0,233;118,933
JAVASLANG_HASH_MAP;removeDistinct;20;58,368;0,609;169,2
JAVASLANG_HASH_MAP;removeDistinct;25;59,821;0,178;180,16
JAVASLANG_HASH_MAP;removeDistinct;50;60,228;0,482;202,08
JAVASLANG_HASH_MAP;removeDistinct;100;63,292;0,321;230,64
JAVASLANG_HASH_MAP;removeDistinct;1000;94,462;2,388;356,344
JAVASLANG_HASH_MAP;removeDistinct;10000;154,148;0,99;438,943
JAVASLANG_HASH_MAP;removeDistinct;100000;260,408;2,668;565,263
JAVASLANG_HASH_MAP;removeDistinct;1000000;369,273;1,356;691,47
JAVASLANG_TREE_MAP;removeDistinct;1;40,519;0,18;104
JAVASLANG_TREE_MAP;removeDistinct;4;60,766;0,218;196
JAVASLANG_TREE_MAP;removeDistinct;10;73,414;0,247;246,4
JAVASLANG_TREE_MAP;removeDistinct;15;83,523;0,418;260,8
JAVASLANG_TREE_MAP;removeDistinct;20;90,684;0,368;291,2
JAVASLANG_TREE_MAP;removeDistinct;25;97,125;0,374;303,36
JAVASLANG_TREE_MAP;removeDistinct;50;119,219;0,566;358,88
JAVASLANG_TREE_MAP;removeDistinct;100;141,499;0,664;419,76
JAVASLANG_TREE_MAP;removeDistinct;1000;217,027;2,751;620,696
JAVASLANG_TREE_MAP;removeDistinct;10000;291,656;1,401;828,448
JAVASLANG_TREE_MAP;removeDistinct;100000;430,912;2,772;1067,1
JAVASLANG_TREE_MAP;removeDistinct;1000000;493,724;2,435;1261,245
PCOLLECTIONS;removeDistinct;1;30,54;0,17;64
PCOLLECTIONS;removeDistinct;4;34,24;0,174;104
PCOLLECTIONS;removeDistinct;10;42,263;0,245;140
PCOLLECTIONS;removeDistinct;15;54,519;0,148;165,333
PCOLLECTIONS;removeDistinct;20;50,969;0,308;170
PCOLLECTIONS;removeDistinct;25;53,784;0,155;179,2
PCOLLECTIONS;removeDistinct;50;63,865;0,152;206,4
PCOLLECTIONS;removeDistinct;100;73,734;0,333;237,2
PCOLLECTIONS;removeDistinct;1000;112,935;0,57;358,144
PCOLLECTIONS;removeDistinct;10000;141,863;0,725;456,003
PCOLLECTIONS;removeDistinct;100000;210,649;2,089;550,885
PCOLLECTIONS;removeDistinct;1000000;261,395;1,87;642,25
CLOJURE_HASH_MAP;removeNonExisting;1;36,144;1,613;0
CLOJURE_HASH_MAP;removeNonExisting;4;26,985;0,373;0
CLOJURE_HASH_MAP;removeNonExisting;10;38,124;0,039;0
CLOJURE_HASH_MAP;removeNonExisting;15;50,366;0,128;0
CLOJURE_HASH_MAP;removeNonExisting;20;59,508;0,127;0
CLOJURE_HASH_MAP;removeNonExisting;25;24,773;0,037;0
CLOJURE_HASH_MAP;removeNonExisting;50;35,591;0,049;0
CLOJURE_HASH_MAP;removeNonExisting;100;43,901;0,574;0
CLOJURE_HASH_MAP;removeNonExisting;1000;43,735;0,148;0
CLOJURE_HASH_MAP;removeNonExisting;10000;67,526;1,028;0
CLOJURE_HASH_MAP;removeNonExisting;100000;89,89;1,934;0
CLOJURE_HASH_MAP;removeNonExisting;1000000;176,451;7,243;0
SCALA_HASH_MAP;removeNonExisting;1;12,503;0,304;0
SCALA_HASH_MAP;removeNonExisting;4;6,666;0,041;0
SCALA_HASH_MAP;removeNonExisting;10;5,058;0,015;0
SCALA_HASH_MAP;removeNonExisting;15;10,207;0,044;0
SCALA_HASH_MAP;removeNonExisting;20;9,794;0,25;0
SCALA_HASH_MAP;removeNonExisting;25;11,059;0,328;0
SCALA_HASH_MAP;removeNonExisting;50;11,668;0,026;0
SCALA_HASH_MAP;removeNonExisting;100;12,982;0,044;0
SCALA_HASH_MAP;removeNonExisting;1000;18,614;0,12;0
SCALA_HASH_MAP;removeNonExisting;10000;34,587;0,231;0
SCALA_HASH_MAP;removeNonExisting;100000;60,014;0,366;0
SCALA_HASH_MAP;removeNonExisting;1000000;135,962;4,369;0
SCALA_TREE_MAP;removeNonExisting;1;17,869;0,118;0
SCALA_TREE_MAP;removeNonExisting;4;21,379;0,06;0
SCALA_TREE_MAP;removeNonExisting;10;29,753;0,279;0
SCALA_TREE_MAP;removeNonExisting;15;29,835;0,09;0
SCALA_TREE_MAP;removeNonExisting;20;37,764;0,097;0
SCALA_TREE_MAP;removeNonExisting;25;39,772;0,072;0
SCALA_TREE_MAP;removeNonExisting;50;48,557;0,131;0
SCALA_TREE_MAP;removeNonExisting;100;54,785;0,157;0
SCALA_TREE_MAP;removeNonExisting;1000;87,025;12,621;0
SCALA_TREE_MAP;removeNonExisting;10000;136,917;0,457;0
SCALA_TREE_MAP;removeNonExisting;100000;170,71;0,918;0,034
SCALA_TREE_MAP;removeNonExisting;1000000;192,502;2,419;0,299
JAVASLANG_HASH_MAP;removeNonExisting;1;10,851;0,166;0
JAVASLANG_HASH_MAP;removeNonExisting;4;14,491;0,184;0
JAVASLANG_HASH_MAP;removeNonExisting;10;18,103;0,114;16
JAVASLANG_HASH_MAP;removeNonExisting;15;22,87;0,099;23,467
JAVASLANG_HASH_MAP;removeNonExisting;20;26,059;0,172;41,6
JAVASLANG_HASH_MAP;removeNonExisting;25;56,923;0,597;144
JAVASLANG_HASH_MAP;removeNonExisting;50;51,461;0,142;144
JAVASLANG_HASH_MAP;removeNonExisting;100;55,689;0,21;148,16
JAVASLANG_HASH_MAP;removeNonExisting;1000;97,92;1,293;336,84
JAVASLANG_HASH_MAP;removeNonExisting;10000;113,712;0,946;358,007
JAVASLANG_HASH_MAP;removeNonExisting;100000;194,201;2,826;509,11
JAVASLANG_HASH_MAP;removeNonExisting;1000000;384,211;1,869;657,646
JAVASLANG_TREE_MAP;removeNonExisting;1;20,043;0,089;0
JAVASLANG_TREE_MAP;removeNonExisting;4;23,451;0,168;24
JAVASLANG_TREE_MAP;removeNonExisting;10;30,54;0,116;24
JAVASLANG_TREE_MAP;removeNonExisting;15;29,198;0,126;24
JAVASLANG_TREE_MAP;removeNonExisting;20;35,254;0,118;24
JAVASLANG_TREE_MAP;removeNonExisting;25;36,519;0,394;24
JAVASLANG_TREE_MAP;removeNonExisting;50;48,579;1,283;24
JAVASLANG_TREE_MAP;removeNonExisting;100;55,288;1,18;24
JAVASLANG_TREE_MAP;removeNonExisting;1000;86,428;3,116;24
JAVASLANG_TREE_MAP;removeNonExisting;10000;103,809;0,751;24
JAVASLANG_TREE_MAP;removeNonExisting;100000;128,14;7,002;24,035
JAVASLANG_TREE_MAP;removeNonExisting;1000000;162,546;51,177;24,385
PCOLLECTIONS;removeNonExisting;1;14,228;0,131;16
PCOLLECTIONS;removeNonExisting;4;14,208;0,163;16
PCOLLECTIONS;removeNonExisting;10;14,916;0,057;16
PCOLLECTIONS;removeNonExisting;15;16,194;0,095;16
PCOLLECTIONS;removeNonExisting;20;17,072;0,068;16
PCOLLECTIONS;removeNonExisting;25;18,333;0,397;16
PCOLLECTIONS;removeNonExisting;50;19,981;0,126;16
PCOLLECTIONS;removeNonExisting;100;23,517;0,142;16
PCOLLECTIONS;removeNonExisting;1000;64,537;0,774;16
PCOLLECTIONS;removeNonExisting;10000;163,637;1,208;16
PCOLLECTIONS;removeNonExisting;100000;254,611;13,424;16
PCOLLECTIONS;removeNonExisting;1000000;449,375;115,939;16,001
CLOJURE_HASH_MAP;removeRandom;1;74,133;0,584;120
CLOJURE_HASH_MAP;removeRandom;4;68,537;0,257;132
CLOJURE_HASH_MAP;removeRandom;10;80,499;0,303;168,8
CLOJURE_HASH_MAP;removeRandom;15;85,933;0,34;201,067
CLOJURE_HASH_MAP;removeRandom;20;86,905;0,238;210,4
CLOJURE_HASH_MAP;removeRandom;25;90,757;0,427;248,64
CLOJURE_HASH_MAP;removeRandom;50;94,684;0,661;300
CLOJURE_HASH_MAP;removeRandom;100;94,155;1,302;305,76
CLOJURE_HASH_MAP;removeRandom;1000;138,341;1,07;464,864
CLOJURE_HASH_MAP;removeRandom;10000;181,233;1,376;512,1
CLOJURE_HASH_MAP;removeRandom;100000;252,583;1,402;642,385
CLOJURE_HASH_MAP;removeRandom;1000000;602,424;27,59;795,637
SCALA_HASH_MAP;removeRandom;1;17,707;0,046;40
SCALA_HASH_MAP;removeRandom;4;48,989;0,157;72
SCALA_HASH_MAP;removeRandom;10;53,885;0,481;94,4
SCALA_HASH_MAP;removeRandom;15;57,282;0,152;107,2
SCALA_HASH_MAP;removeRandom;20;58,174;0,136;119,6
SCALA_HASH_MAP;removeRandom;25;71,558;3,658;126,72
SCALA_HASH_MAP;removeRandom;50;83,438;0,22;162,88
SCALA_HASH_MAP;removeRandom;100;92,952;0,303;195,6
SCALA_HASH_MAP;removeRandom;1000;176,209;1,435;300,848
SCALA_HASH_MAP;removeRandom;10000;206,039;1,199;419,808
SCALA_HASH_MAP;removeRandom;100000;334,801;8,264;533,937
SCALA_HASH_MAP;removeRandom;1000000;596,812;4,047;636,456
SCALA_TREE_MAP;removeRandom;1;33,054;0,12;64
SCALA_TREE_MAP;removeRandom;4;44,965;0,214;128
SCALA_TREE_MAP;removeRandom;10;71,128;2,052;188,8
SCALA_TREE_MAP;removeRandom;15;84,508;0,64;211,2
SCALA_TREE_MAP;removeRandom;20;87,742;0,268;240
SCALA_TREE_MAP;removeRandom;25;100,961;0,746;257,28
SCALA_TREE_MAP;removeRandom;50;118,743;0,442;311,68
SCALA_TREE_MAP;removeRandom;100;143,308;0,615;374,4
SCALA_TREE_MAP;removeRandom;1000;224,442;2,811;575,136
SCALA_TREE_MAP;removeRandom;10000;278,706;2,556;783,095
SCALA_TREE_MAP;removeRandom;100000;428,079;2,61;1009,765
SCALA_TREE_MAP;removeRandom;1000000;512,042;2,185;1215,911
JAVASLANG_HASH_MAP;removeRandom;1;17,263;0,035;40
JAVASLANG_HASH_MAP;removeRandom;4;44,144;0,406;78
JAVASLANG_HASH_MAP;removeRandom;10;59,182;0,234;104
JAVASLANG_HASH_MAP;removeRandom;15;65,99;0,205;115,2
JAVASLANG_HASH_MAP;removeRandom;20;65,272;0,214;129,2
JAVASLANG_HASH_MAP;removeRandom;25;78,517;0,279;180,16
JAVASLANG_HASH_MAP;removeRandom;50;79,137;0,494;212,16
JAVASLANG_HASH_MAP;removeRandom;100;76,469;0,406;234,32
JAVASLANG_HASH_MAP;removeRandom;1000;135,499;2,167;356,256
JAVASLANG_HASH_MAP;removeRandom;10000;189,171;0,389;439,589
JAVASLANG_HASH_MAP;removeRandom;100000;308,536;2,317;569,952
JAVASLANG_HASH_MAP;removeRandom;1000000;568,4;7,151;687,97
JAVASLANG_TREE_MAP;removeRandom;1;40,481;0,172;104
JAVASLANG_TREE_MAP;removeRandom;4;58,625;0,361;196
JAVASLANG_TREE_MAP;removeRandom;10;73,988;0,409;246,4
JAVASLANG_TREE_MAP;removeRandom;15;82,953;0,326;260,8
JAVASLANG_TREE_MAP;removeRandom;20;91,13;0,619;291,2
JAVASLANG_TREE_MAP;removeRandom;25;96,461;0,463;303,36
JAVASLANG_TREE_MAP;removeRandom;50;119,458;0,491;358,88
JAVASLANG_TREE_MAP;removeRandom;100;137,776;0,646;419,76
JAVASLANG_TREE_MAP;removeRandom;1000;214,87;1,219;620,696
JAVASLANG_TREE_MAP;removeRandom;10000;289,704;1,508;828,448
JAVASLANG_TREE_MAP;removeRandom;100000;400,349;2,53;1055,101
JAVASLANG_TREE_MAP;removeRandom;1000000;497,09;2,666;1261,245
PCOLLECTIONS;removeRandom;1;29,151;0,226;64
PCOLLECTIONS;removeRandom;4;39,083;0,172;104
PCOLLECTIONS;removeRandom;10;58,75;0,27;168
PCOLLECTIONS;removeRandom;15;62,313;0,425;186,667
PCOLLECTIONS;removeRandom;20;67,086;0,316;202
PCOLLECTIONS;removeRandom;25;73,928;0,28;216
PCOLLECTIONS;removeRandom;50;92,449;2,107;296
PCOLLECTIONS;removeRandom;100;104,756;0,617;334,8
PCOLLECTIONS;removeRandom;1000;230,603;1,218;477,6
PCOLLECTIONS;removeRandom;10000;389,101;0,796;626,665
PCOLLECTIONS;removeRandom;100000;637,824;5,043;769,102
PCOLLECTIONS;removeRandom;1000000;1131,393;13,221;905,578
PAGURO_HASH_MAP;getCollision;1;21,287;0,554;24
PAGURO_HASH_MAP;getCollision;4;29,186;0,078;24
PAGURO_HASH_MAP;getCollision;10;32,079;0,459;40
PAGURO_HASH_MAP;getCollision;15;33,694;1,6;40
PAGURO_HASH_MAP;getCollision;20;28,304;0,102;24
PAGURO_HASH_MAP;getCollision;25;33,075;0,439;40
PAGURO_HASH_MAP;getCollision;50;30,006;0,372;24
PAGURO_HASH_MAP;getCollision;100;37,065;0,379;40
PAGURO_HASH_MAP;getCollision;1000;46,347;0,418;40
PAGURO_HASH_MAP;getCollision;10000;72,173;4,734;24
PAGURO_HASH_MAP;getCollision;100000;112,023;5,326;24
PAGURO_HASH_MAP;getCollision;1000000;242,454;77,533;24
PAGURO_TREE_MAP;getCollision;1;11,739;0,06;0
PAGURO_TREE_MAP;getCollision;4;20,425;0,118;0
PAGURO_TREE_MAP;getCollision;10;27,057;0,074;0
PAGURO_TREE_MAP;getCollision;15;25,06;0,055;0
PAGURO_TREE_MAP;getCollision;20;32,081;0,254;0
PAGURO_TREE_MAP;getCollision;25;34,182;0,233;0
PAGURO_TREE_MAP;getCollision;50;40,268;0,308;0
PAGURO_TREE_MAP;getCollision;100;46,536;0,4;0
PAGURO_TREE_MAP;getCollision;1000;106,012;0,375;0
PAGURO_TREE_MAP;getCollision;10000;101,483;0,203;0
PAGURO_TREE_MAP;getCollision;100000;154,144;6,724;0
PAGURO_TREE_MAP;getCollision;1000000;128,247;0,317;0
PAGURO_HASH_MAP;getDistinct;1;21,544;0,615;24
PAGURO_HASH_MAP;getDistinct;4;17,858;0,288;24
PAGURO_HASH_MAP;getDistinct;10;17,291;0,314;24
PAGURO_HASH_MAP;getDistinct;15;17,197;0,336;24
PAGURO_HASH_MAP;getDistinct;20;19,861;0,283;24
PAGURO_HASH_MAP;getDistinct;25;19,988;0,41;24
PAGURO_HASH_MAP;getDistinct;50;19,802;0,288;24
PAGURO_HASH_MAP;getDistinct;100;19,727;0,222;24
PAGURO_HASH_MAP;getDistinct;1000;31,13;0,157;24
PAGURO_HASH_MAP;getDistinct;10000;64,589;0,449;40
PAGURO_HASH_MAP;getDistinct;100000;66,779;3,692;24
PAGURO_HASH_MAP;getDistinct;1000000;204,713;49,72;24
PAGURO_TREE_MAP;getDistinct;1;11,77;0,087;0
PAGURO_TREE_MAP;getDistinct;4;20,299;0,059;0
PAGURO_TREE_MAP;getDistinct;10;27,109;0,241;0
PAGURO_TREE_MAP;getDistinct;15;24,67;0,054;0
PAGURO_TREE_MAP;getDistinct;20;31,979;0,16;0
PAGURO_TREE_MAP;getDistinct;25;33,972;0,276;0
PAGURO_TREE_MAP;getDistinct;50;40,131;0,219;0
PAGURO_TREE_MAP;getDistinct;100;47,148;0,514;0
PAGURO_TREE_MAP;getDistinct;1000;106,441;0,441;0
PAGURO_TREE_MAP;getDistinct;10000;98,822;0,342;0
PAGURO_TREE_MAP;getDistinct;100000;149,696;9,941;0
PAGURO_TREE_MAP;getDistinct;1000000;127,388;0,349;0
PAGURO_HASH_MAP;getNonExisting;1;12,626;0,054;0
PAGURO_HASH_MAP;getNonExisting;4;9,079;0,175;0
PAGURO_HASH_MAP;getNonExisting;10;10,07;0,029;0
PAGURO_HASH_MAP;getNonExisting;15;10,733;0,511;0
PAGURO_HASH_MAP;getNonExisting;20;11,426;0,114;0
PAGURO_HASH_MAP;getNonExisting;25;10,233;0,833;0
PAGURO_HASH_MAP;getNonExisting;50;9,861;0,028;0
PAGURO_HASH_MAP;getNonExisting;100;10,68;0,033;0
PAGURO_HASH_MAP;getNonExisting;1000;16,943;0,2;0
PAGURO_HASH_MAP;getNonExisting;10000;28,847;3,722;0
PAGURO_HASH_MAP;getNonExisting;100000;56,161;2,635;0
PAGURO_HASH_MAP;getNonExisting;1000000;139,64;4,7;0
PAGURO_TREE_MAP;getNonExisting;1;18,373;0,708;0
PAGURO_TREE_MAP;getNonExisting;4;23,78;1,099;0
PAGURO_TREE_MAP;getNonExisting;10;75,786;1,038;0
PAGURO_TREE_MAP;getNonExisting;15;35,59;0,679;0
PAGURO_TREE_MAP;getNonExisting;20;70,065;0,281;0
PAGURO_TREE_MAP;getNonExisting;25;74,503;0,201;0
PAGURO_TREE_MAP;getNonExisting;50;88,354;0,419;0
PAGURO_TREE_MAP;getNonExisting;100;105,828;0,973;0
PAGURO_TREE_MAP;getNonExisting;1000;135,403;20,926;0
PAGURO_TREE_MAP;getNonExisting;10000;149,651;1,057;0
PAGURO_TREE_MAP;getNonExisting;100000;160,049;1,176;0,001
PAGURO_TREE_MAP;getNonExisting;1000000;196,98;0,344;0,004
PAGURO_HASH_MAP;getRandom;1;21,288;0,383;24
PAGURO_HASH_MAP;getRandom;4;17,854;0,235;24
PAGURO_HASH_MAP;getRandom;10;17,319;0,304;24
PAGURO_HASH_MAP;getRandom;15;21,422;0,071;24
PAGURO_HASH_MAP;getRandom;20;22,277;0,147;24
PAGURO_HASH_MAP;getRandom;25;19,804;0,308;24
PAGURO_HASH_MAP;getRandom;50;23,177;0,072;24
PAGURO_HASH_MAP;getRandom;100;22,163;0,081;24
PAGURO_HASH_MAP;getRandom;1000;31,727;0,088;24
PAGURO_HASH_MAP;getRandom;10000;42,412;0,393;24
PAGURO_HASH_MAP;getRandom;100000;75,783;4,115;24
PAGURO_HASH_MAP;getRandom;1000000;273,982;81,424;24
PAGURO_TREE_MAP;getRandom;1;12,267;0,987;0
PAGURO_TREE_MAP;getRandom;4;20,323;0,137;0
PAGURO_TREE_MAP;getRandom;10;27,083;0,123;0
PAGURO_TREE_MAP;getRandom;15;25,717;0,322;0
PAGURO_TREE_MAP;getRandom;20;32,333;0,858;0
PAGURO_TREE_MAP;getRandom;25;34,147;0,366;0
PAGURO_TREE_MAP;getRandom;50;39,964;0,154;0
PAGURO_TREE_MAP;getRandom;100;46,941;0,273;0
PAGURO_TREE_MAP;getRandom;1000;110,35;0,691;0
PAGURO_TREE_MAP;getRandom;10000;100,159;0,232;0
PAGURO_TREE_MAP;getRandom;100000;160,133;8,273;0
PAGURO_TREE_MAP;getRandom;1000000;124,487;0,218;0
PAGURO_HASH_MAP;putAndGetCollision;1;69,956;0,273;176
PAGURO_HASH_MAP;putAndGetCollision;4;80,531;0,325;178
PAGURO_HASH_MAP;putAndGetCollision;10;94,314;0,49;205,6
PAGURO_HASH_MAP;putAndGetCollision;15;90,438;0,273;212,267
PAGURO_HASH_MAP;putAndGetCollision;20;89,888;0,543;216
PAGURO_HASH_MAP;putAndGetCollision;25;86,831;0,206;222,4
PAGURO_HASH_MAP;putAndGetCollision;50;110,238;0,662;306,56
PAGURO_HASH_MAP;putAndGetCollision;100;123,443;1,361;358,56
PAGURO_HASH_MAP;putAndGetCollision;1000;155,299;1,135;427,168
PAGURO_HASH_MAP;putAndGetCollision;10000;243,319;0,859;538,587
PAGURO_HASH_MAP;putAndGetCollision;100000;398,991;9,972;695,718
PAGURO_HASH_MAP;putAndGetCollision;1000000;650,395;20;761,031
PAGURO_TREE_MAP;putAndGetCollision;1;19,354;0,139;48
PAGURO_TREE_MAP;putAndGetCollision;4;72,234;0,414;130
PAGURO_TREE_MAP;putAndGetCollision;10;120,277;0,358;181,6
PAGURO_TREE_MAP;putAndGetCollision;15;133,741;0,629;220,267
PAGURO_TREE_MAP;putAndGetCollision;20;156,467;1,013;229,2
PAGURO_TREE_MAP;putAndGetCollision;25;164,041;0,849;245,44
PAGURO_TREE_MAP;putAndGetCollision;50;198,718;0,75;291,68
PAGURO_TREE_MAP;putAndGetCollision;100;237,586;1,605;339,92
PAGURO_TREE_MAP;putAndGetCollision;1000;391,205;2,087;500,937
PAGURO_TREE_MAP;putAndGetCollision;10000;497,866;2,575;658,309
PAGURO_TREE_MAP;putAndGetCollision;100000;706,871;1,749;818,865
PAGURO_TREE_MAP;putAndGetCollision;1000000;851,683;7,293;978,766
PAGURO_HASH_MAP;putAndGetDistinct;1;69,641;0,186;176
PAGURO_HASH_MAP;putAndGetDistinct;4;68,548;0,434;152
PAGURO_HASH_MAP;putAndGetDistinct;10;68,035;0,3;168,8
PAGURO_HASH_MAP;putAndGetDistinct;15;68,116;0,243;187,2
PAGURO_HASH_MAP;putAndGetDistinct;20;107,39;0,4;306,4
PAGURO_HASH_MAP;putAndGetDistinct;25;104,353;0,302;315,52
PAGURO_HASH_MAP;putAndGetDistinct;50;98,744;0,219;319,36
PAGURO_HASH_MAP;putAndGetDistinct;100;95,589;0,396;318,88
PAGURO_HASH_MAP;putAndGetDistinct;1000;135,492;3,308;497,904
PAGURO_HASH_MAP;putAndGetDistinct;10000;132,019;0,859;517,042
PAGURO_HASH_MAP;putAndGetDistinct;100000;224,045;2,356;670,361
PAGURO_HASH_MAP;putAndGetDistinct;1000000;511,59;67,889;849,152
PAGURO_TREE_MAP;putAndGetDistinct;1;19,419;0,296;48
PAGURO_TREE_MAP;putAndGetDistinct;4;73,467;1,149;130
PAGURO_TREE_MAP;putAndGetDistinct;10;117,805;0,522;181,6
PAGURO_TREE_MAP;putAndGetDistinct;15;131,646;0,699;220,267
PAGURO_TREE_MAP;putAndGetDistinct;20;156,271;0,864;229,2
PAGURO_TREE_MAP;putAndGetDistinct;25;165,546;0,78;245,44
PAGURO_TREE_MAP;putAndGetDistinct;50;197,841;1,067;291,68
PAGURO_TREE_MAP;putAndGetDistinct;100;230,685;0,837;339,92
PAGURO_TREE_MAP;putAndGetDistinct;1000;394,867;1,4;500,937
PAGURO_TREE_MAP;putAndGetDistinct;10000;512,618;2,886;658,309
PAGURO_TREE_MAP;putAndGetDistinct;100000;692,718;3,199;818,865
PAGURO_TREE_MAP;putAndGetDistinct;1000000;865,26;7,308;978,766
PAGURO_HASH_MAP;putAndGetRandom;1;69,974;0,429;176
PAGURO_HASH_MAP;putAndGetRandom;4;70,136;0,436;152
PAGURO_HASH_MAP;putAndGetRandom;10;70,587;0,267;168,8
PAGURO_HASH_MAP;putAndGetRandom;15;85,756;0,307;198,933
PAGURO_HASH_MAP;putAndGetRandom;20;102,975;0,204;240
PAGURO_HASH_MAP;putAndGetRandom;25;123,023;0,449;311,36
PAGURO_HASH_MAP;putAndGetRandom;50;113,219;0,441;321,92
PAGURO_HASH_MAP;putAndGetRandom;100;113,993;0,356;333,28
PAGURO_HASH_MAP;putAndGetRandom;1000;177,516;2,117;495,336
PAGURO_HASH_MAP;putAndGetRandom;10000;205,399;3,661;540,346
PAGURO_HASH_MAP;putAndGetRandom;100000;378,463;11,924;695,845
PAGURO_HASH_MAP;putAndGetRandom;1000000;731,945;26,956;829,697
PAGURO_TREE_MAP;putAndGetRandom;1;19,917;0,57;48
PAGURO_TREE_MAP;putAndGetRandom;4;73,263;0,236;130
PAGURO_TREE_MAP;putAndGetRandom;10;120,386;0,434;181,6
PAGURO_TREE_MAP;putAndGetRandom;15;131,591;0,611;220,267
PAGURO_TREE_MAP;putAndGetRandom;20;153,498;0,426;229,2
PAGURO_TREE_MAP;putAndGetRandom;25;168,302;0,591;245,44
PAGURO_TREE_MAP;putAndGetRandom;50;199,249;0,648;291,68
PAGURO_TREE_MAP;putAndGetRandom;100;230,406;0,79;339,92
PAGURO_TREE_MAP;putAndGetRandom;1000;387,952;1,499;500,937
PAGURO_TREE_MAP;putAndGetRandom;10000;501,091;1,863;658,309
PAGURO_TREE_MAP;putAndGetRandom;100000;681,784;3,395;818,865
PAGURO_TREE_MAP;putAndGetRandom;1000000;843,469;8,142;978,766
PAGURO_HASH_MAP;putCollision;1;52,733;0,252;152
PAGURO_HASH_MAP;putCollision;4;58,955;0,225;156
PAGURO_HASH_MAP;putCollision;10;57,558;0,239;164,8
PAGURO_HASH_MAP;putCollision;15;61,387;0,244;175,467
PAGURO_HASH_MAP;putCollision;20;58,724;0,261;193,2
PAGURO_HASH_MAP;putCollision;25;61,693;0,193;191,04
PAGURO_HASH_MAP;putCollision;50;78,822;1,192;288,64
PAGURO_HASH_MAP;putCollision;100;85,143;0,646;313,36
PAGURO_HASH_MAP;putCollision;1000;104,917;0,477;387,576
PAGURO_HASH_MAP;putCollision;10000;166,911;0,715;514,503
PAGURO_HASH_MAP;putCollision;100000;272,194;8,053;671,728
PAGURO_HASH_MAP;putCollision;1000000;407,715;15,977;737,008
PAGURO_TREE_MAP;putCollision;1;12,641;0,076;48
PAGURO_TREE_MAP;putCollision;4;46,229;0,293;130
PAGURO_TREE_MAP;putCollision;10;85,521;0,28;181,6
PAGURO_TREE_MAP;putCollision;15;106,489;0,346;220,267
PAGURO_TREE_MAP;putCollision;20;121,735;0,699;229,2
PAGURO_TREE_MAP;putCollision;25;123,468;1,058;245,44
PAGURO_TREE_MAP;putCollision;50;154,018;0,696;291,68
PAGURO_TREE_MAP;putCollision;100;180,654;0,903;339,92
PAGURO_TREE_MAP;putCollision;1000;299,124;1,165;500,936
PAGURO_TREE_MAP;putCollision;10000;410,863;2,545;658,309
PAGURO_TREE_MAP;putCollision;100000;530,027;2,27;818,864
PAGURO_TREE_MAP;putCollision;1000000;694,957;21,187;978,766
PAGURO_HASH_MAP;putDistinct;1;53,042;0,309;152
PAGURO_HASH_MAP;putDistinct;4;50,285;0,244;128
PAGURO_HASH_MAP;putDistinct;10;50,176;0,151;144,8
PAGURO_HASH_MAP;putDistinct;15;50,267;0,153;163,2
PAGURO_HASH_MAP;putDistinct;20;87,356;0,259;282,4
PAGURO_HASH_MAP;putDistinct;25;84,156;0,422;291,52
PAGURO_HASH_MAP;putDistinct;50;78,634;0,455;295,36
PAGURO_HASH_MAP;putDistinct;100;75,174;0,342;294,88
PAGURO_HASH_MAP;putDistinct;1000;109,185;2,386;473,904
PAGURO_HASH_MAP;putDistinct;10000;102,43;0,427;493,042
PAGURO_HASH_MAP;putDistinct;100000;175,552;2,077;646,36
PAGURO_HASH_MAP;putDistinct;1000000;333,187;57,204;825,152
PAGURO_TREE_MAP;putDistinct;1;12,659;0,154;48
PAGURO_TREE_MAP;putDistinct;4;46,347;0,15;130
PAGURO_TREE_MAP;putDistinct;10;94,272;0,37;181,6
PAGURO_TREE_MAP;putDistinct;15;108,414;0,451;220,267
PAGURO_TREE_MAP;putDistinct;20;122,568;0,455;229,2
PAGURO_TREE_MAP;putDistinct;25;129,497;0,648;245,44
PAGURO_TREE_MAP;putDistinct;50;156,823;0,795;291,68
PAGURO_TREE_MAP;putDistinct;100;179,138;1,164;339,92
PAGURO_TREE_MAP;putDistinct;1000;292,943;1,492;500,936
PAGURO_TREE_MAP;putDistinct;10000;407,224;1,472;658,309
PAGURO_TREE_MAP;putDistinct;100000;537,881;5,111;818,864
PAGURO_TREE_MAP;putDistinct;1000000;687,836;20,359;978,766
PAGURO_HASH_MAP;putRandom;1;53;0,321;152
PAGURO_HASH_MAP;putRandom;4;51,479;0,163;128
PAGURO_HASH_MAP;putRandom;10;54,167;0,096;144,8
PAGURO_HASH_MAP;putRandom;15;75,346;0,493;192,533
PAGURO_HASH_MAP;putRandom;20;103,731;0,481;283,2
PAGURO_HASH_MAP;putRandom;25;95,867;0,427;279,36
PAGURO_HASH_MAP;putRandom;50;85,269;0,598;290,24
PAGURO_HASH_MAP;putRandom;100;87,566;0,492;305,12
PAGURO_HASH_MAP;putRandom;1000;137,966;4,153;456,648
PAGURO_HASH_MAP;putRandom;10000;154,763;0,575;516,137
PAGURO_HASH_MAP;putRandom;100000;279,101;2,97;655,808
PAGURO_HASH_MAP;putRandom;1000000;479,435;31,547;805,614
PAGURO_TREE_MAP;putRandom;1;12,635;0,125;48
PAGURO_TREE_MAP;putRandom;4;45,571;0,192;130
PAGURO_TREE_MAP;putRandom;10;84,188;0,349;181,6
PAGURO_TREE_MAP;putRandom;15;107,624;0,298;220,267
PAGURO_TREE_MAP;putRandom;20;118,82;0,599;229,2
PAGURO_TREE_MAP;putRandom;25;130,957;0,651;245,44
PAGURO_TREE_MAP;putRandom;50;150,02;0,42;291,68
PAGURO_TREE_MAP;putRandom;100;182,452;6,799;339,92
PAGURO_TREE_MAP;putRandom;1000;306,063;0,775;500,937
PAGURO_TREE_MAP;putRandom;10000;422,925;2,121;658,309
PAGURO_TREE_MAP;putRandom;100000;531,042;3,543;818,864
PAGURO_TREE_MAP;putRandom;1000000;681,423;19,661;978,766
PAGURO_HASH_MAP;removeCollision;1;49,713;0,819;80
PAGURO_HASH_MAP;removeCollision;4;47,084;1,171;108
PAGURO_HASH_MAP;removeCollision;10;57,818;0,734;132,8
PAGURO_HASH_MAP;removeCollision;15;64,855;0,467;144
PAGURO_HASH_MAP;removeCollision;20;58,635;0,243;159,6
PAGURO_HASH_MAP;removeCollision;25;61,42;0,302;166,08
PAGURO_HASH_MAP;removeCollision;50;72,632;0,336;260,16
PAGURO_HASH_MAP;removeCollision;100;79,651;0,301;284,24
PAGURO_HASH_MAP;removeCollision;1000;109,23;0,703;360,48
PAGURO_HASH_MAP;removeCollision;10000;159,551;0,661;484,68
PAGURO_HASH_MAP;removeCollision;100000;349,756;5,503;638,556
PAGURO_HASH_MAP;removeCollision;1000000;396,581;8,661;710,929
PAGURO_TREE_MAP;removeCollision;1;11,335;0,534;24
PAGURO_TREE_MAP;removeCollision;4;28,836;0,13;96
PAGURO_TREE_MAP;removeCollision;10;47,079;0,192;154,4
PAGURO_TREE_MAP;removeCollision;15;51,967;0,429;177,6
PAGURO_TREE_MAP;removeCollision;20;57,97;0,463;205,2
PAGURO_TREE_MAP;removeCollision;25;64,661;0,435;223,04
PAGURO_TREE_MAP;removeCollision;50;77,796;0,536;277,28
PAGURO_TREE_MAP;removeCollision;100;96,373;0,61;339,6
PAGURO_TREE_MAP;removeCollision;1000;160,619;2,023;540,488
PAGURO_TREE_MAP;removeCollision;10000;206,38;1,25;748,427
PAGURO_TREE_MAP;removeCollision;100000;302,578;1,945;975,098
PAGURO_TREE_MAP;removeCollision;1000000;362,767;4,054;1181,245
PAGURO_HASH_MAP;removeDistinct;1;50,05;1,434;80
PAGURO_HASH_MAP;removeDistinct;4;45,345;0,309;92
PAGURO_HASH_MAP;removeDistinct;10;44,472;0,165;116
PAGURO_HASH_MAP;removeDistinct;15;44,958;0,156;136
PAGURO_HASH_MAP;removeDistinct;20;67,874;0,365;256
PAGURO_HASH_MAP;removeDistinct;25;68,272;0,354;256
PAGURO_HASH_MAP;removeDistinct;50;68,615;0,434;258,88
PAGURO_HASH_MAP;removeDistinct;100;69,053;0,396;264,64
PAGURO_HASH_MAP;removeDistinct;1000;106,022;0,617;432
PAGURO_HASH_MAP;removeDistinct;10000;101,705;0,564;467,136
PAGURO_HASH_MAP;removeDistinct;100000;181,185;0,899;616,272
PAGURO_HASH_MAP;removeDistinct;1000000;680,199;200,632;784,001
PAGURO_TREE_MAP;removeDistinct;1;11,21;0,151;24
PAGURO_TREE_MAP;removeDistinct;4;28,861;0,113;96
PAGURO_TREE_MAP;removeDistinct;10;47,5;0,119;154,4
PAGURO_TREE_MAP;removeDistinct;15;51,218;0,203;177,6
PAGURO_TREE_MAP;removeDistinct;20;58,341;0,251;205,2
PAGURO_TREE_MAP;removeDistinct;25;63,241;0,664;223,04
PAGURO_TREE_MAP;removeDistinct;50;77,882;0,317;277,28
PAGURO_TREE_MAP;removeDistinct;100;96,517;0,884;339,6
PAGURO_TREE_MAP;removeDistinct;1000;152,413;2,97;540,488
PAGURO_TREE_MAP;removeDistinct;10000;206,998;1,15;748,427
PAGURO_TREE_MAP;removeDistinct;100000;294,997;1,305;975,098
PAGURO_TREE_MAP;removeDistinct;1000000;351,93;2,382;1181,245
PAGURO_HASH_MAP;removeNonExisting;1;9,974;0,133;0
PAGURO_HASH_MAP;removeNonExisting;4;5,171;0,123;0
PAGURO_HASH_MAP;removeNonExisting;10;11,173;0,022;0
PAGURO_HASH_MAP;removeNonExisting;15;3,96;0,014;0
PAGURO_HASH_MAP;removeNonExisting;20;2,485;0,053;0
PAGURO_HASH_MAP;removeNonExisting;25;7,107;0,094;0
PAGURO_HASH_MAP;removeNonExisting;50;3,396;0,008;0
PAGURO_HASH_MAP;removeNonExisting;100;3,562;0,009;0
PAGURO_HASH_MAP;removeNonExisting;1000;13,719;0,258;0
PAGURO_HASH_MAP;removeNonExisting;10000;31,725;0,215;0
PAGURO_HASH_MAP;removeNonExisting;100000;43,188;0,557;0
PAGURO_HASH_MAP;removeNonExisting;1000000;137,015;5,503;0
PAGURO_TREE_MAP;removeNonExisting;1;13,108;0,356;0
PAGURO_TREE_MAP;removeNonExisting;4;22,9;0,147;16
PAGURO_TREE_MAP;removeNonExisting;10;41,253;0,798;16
PAGURO_TREE_MAP;removeNonExisting;15;34,24;0,903;16
PAGURO_TREE_MAP;removeNonExisting;20;42,409;0,957;16
PAGURO_TREE_MAP;removeNonExisting;25;45,791;1,153;16
PAGURO_TREE_MAP;removeNonExisting;50;77,155;0,27;16
PAGURO_TREE_MAP;removeNonExisting;100;84,784;0,402;16
PAGURO_TREE_MAP;removeNonExisting;1000;126,252;0,569;16
PAGURO_TREE_MAP;removeNonExisting;10000;149,889;1,687;16
PAGURO_TREE_MAP;removeNonExisting;100000;217,833;6,43;16,011
PAGURO_TREE_MAP;removeNonExisting;1000000;260,446;49,629;16,302
PAGURO_HASH_MAP;removeRandom;1;49,827;0,7;80
PAGURO_HASH_MAP;removeRandom;4;38,305;0,263;92
PAGURO_HASH_MAP;removeRandom;10;58,873;0,663;148
PAGURO_HASH_MAP;removeRandom;15;48,805;0,37;139,2
PAGURO_HASH_MAP;removeRandom;20;64,355;0,16;200,8
PAGURO_HASH_MAP;removeRandom;25;61,692;0,306;212,16
PAGURO_HASH_MAP;removeRandom;50;67,105;0,247;261,28
PAGURO_HASH_MAP;removeRandom;100;70,3;0,34;273,52
PAGURO_HASH_MAP;removeRandom;1000;113,713;0,801;435,968
PAGURO_HASH_MAP;removeRandom;10000;147,277;0,376;489,591
PAGURO_HASH_MAP;removeRandom;100000;241,835;3,481;627,178
PAGURO_HASH_MAP;removeRandom;1000000;554,912;42,193;787,467
PAGURO_TREE_MAP;removeRandom;1;11,167;0,043;24
PAGURO_TREE_MAP;removeRandom;4;28,095;0,303;96
PAGURO_TREE_MAP;removeRandom;10;46,571;0,142;154,4
PAGURO_TREE_MAP;removeRandom;15;51,716;0,344;177,6
PAGURO_TREE_MAP;removeRandom;20;57,567;0,293;205,2
PAGURO_TREE_MAP;removeRandom;25;63,358;0,339;223,04
PAGURO_TREE_MAP;removeRandom;50;78,052;0,471;277,28
PAGURO_TREE_MAP;removeRandom;100;95,914;0,454;339,6
PAGURO_TREE_MAP;removeRandom;1000;151,721;2,731;540,488
PAGURO_TREE_MAP;removeRandom;10000;208,628;4,371;748,427
PAGURO_TREE_MAP;removeRandom;100000;286,808;1,541;975,098
PAGURO_TREE_MAP;removeRandom;1000000;354,359;2,228;1181,245
persistentHashMap;getCollision;1;21,896;0,041;0
persistentHashMap;getCollision;4;82,86;1,433;48
persistentHashMap;getCollision;10;73,622;1,921;33,6
persistentHashMap;getCollision;15;76,938;1,931;41,6
persistentHashMap;getCollision;20;74,611;1,795;38,4
persistentHashMap;getCollision;25;75,425;1,406;40,32
persistentHashMap;getCollision;50;71,257;1,338;0
persistentHashMap;getCollision;100;66,425;0,138;0
persistentHashMap;getCollision;1000;101,438;1,696;0
persistentHashMap;getCollision;10000;154,804;0,616;0
persistentHashMap;getCollision;100000;227,554;10,97;0
persistentHashMap;getCollision;1000000;402,136;103,601;41,509
persistentHashMap;getDistinct;1;21,93;0,147;0
persistentHashMap;getDistinct;4;19,803;0,618;0
persistentHashMap;getDistinct;10;18,833;0,059;0
persistentHashMap;getDistinct;15;19,318;0,075;0
persistentHashMap;getDistinct;20;19,513;0,768;0
persistentHashMap;getDistinct;25;18,981;0,071;0
persistentHashMap;getDistinct;50;24,105;0,1;0
persistentHashMap;getDistinct;100;25,545;0,094;0
persistentHashMap;getDistinct;1000;25,039;0,053;0
persistentHashMap;getDistinct;10000;53,363;0,25;0
persistentHashMap;getDistinct;100000;107,436;9,602;0
persistentHashMap;getDistinct;1000000;96,067;0,912;0
persistentHashMap;getNonExisting;1;12,415;0,166;0
persistentHashMap;getNonExisting;4;9,183;0,045;0
persistentHashMap;getNonExisting;10;10,563;0,096;0
persistentHashMap;getNonExisting;15;13,608;0,092;0
persistentHashMap;getNonExisting;20;14,624;0,04;0
persistentHashMap;getNonExisting;25;13,879;0,126;0
persistentHashMap;getNonExisting;50;15,415;0,056;0
persistentHashMap;getNonExisting;100;16,983;0,031;0
persistentHashMap;getNonExisting;1000;24,188;0,169;0
persistentHashMap;getNonExisting;10000;40,465;0,205;0
persistentHashMap;getNonExisting;100000;74,74;1,696;0
persistentHashMap;getNonExisting;1000000;141,909;2,576;0
persistentHashMap;getRandom;1;21,949;0,115;0
persistentHashMap;getRandom;4;19,336;0,052;0
persistentHashMap;getRandom;10;20,29;0,072;0
persistentHashMap;getRandom;15;21,314;0,06;0
persistentHashMap;getRandom;20;23,443;0,044;0
persistentHashMap;getRandom;25;22,64;0,133;0
persistentHashMap;getRandom;50;24,816;0,037;0
persistentHashMap;getRandom;100;26,356;0,056;0
persistentHashMap;getRandom;1000;34,852;0,089;0
persistentHashMap;getRandom;10000;55,298;0,231;0
persistentHashMap;getRandom;100000;86,516;0,761;0,001
persistentHashMap;getRandom;1000000;182,3;3,886;0
persistentHashMap;putAndGetCollision;1;66,015;0,687;88
persistentHashMap;putAndGetCollision;4;158,219;0,795;294
persistentHashMap;putAndGetCollision;10;190,282;0,57;314,4
persistentHashMap;putAndGetCollision;15;187,002;1,043;315,2
persistentHashMap;putAndGetCollision;20;172,033;0,648;300,4
persistentHashMap;putAndGetCollision;25;182,68;0,566;322,24
persistentHashMap;putAndGetCollision;50;196,64;0,776;403,2
persistentHashMap;putAndGetCollision;100;208,403;1,127;392,64
persistentHashMap;putAndGetCollision;1000;296,616;2,14;515,16
persistentHashMap;putAndGetCollision;10000;385,777;1,311;576,687
persistentHashMap;putAndGetCollision;100000;574,745;21,072;690,258
persistentHashMap;putAndGetCollision;1000000;1068,507;27,198;769,756
persistentHashMap;putAndGetDistinct;1;59,201;0,192;72
persistentHashMap;putAndGetDistinct;4;65,889;0,166;100
persistentHashMap;putAndGetDistinct;10;66,644;0,281;124
persistentHashMap;putAndGetDistinct;15;67,492;0,218;144
persistentHashMap;putAndGetDistinct;20;68,476;0,227;164
persistentHashMap;putAndGetDistinct;25;69,44;0,281;184
persistentHashMap;putAndGetDistinct;50;89,851;1,909;263,84
persistentHashMap;putAndGetDistinct;100;95,769;0,642;271,04
persistentHashMap;putAndGetDistinct;1000;106,317;1,635;377,664
persistentHashMap;putAndGetDistinct;10000;139,884;0,534;461,248
persistentHashMap;putAndGetDistinct;100000;232,781;1,301;607,037
persistentHashMap;putAndGetDistinct;1000000;361,191;5,46;710,78
persistentHashMap;putAndGetRandom;1;64,468;0,224;88
persistentHashMap;putAndGetRandom;4;70,261;0,25;92
persistentHashMap;putAndGetRandom;10;67,93;0,245;124
persistentHashMap;putAndGetRandom;15;68,654;0,177;132,8
persistentHashMap;putAndGetRandom;20;85,472;4,586;152
persistentHashMap;putAndGetRandom;25;83,385;0,676;164,8
persistentHashMap;putAndGetRandom;50;89,042;0,448;214,24
persistentHashMap;putAndGetRandom;100;104,626;0,782;257,36
persistentHashMap;putAndGetRandom;1000;150,75;1,472;353,952
persistentHashMap;putAndGetRandom;10000;216,806;1,255;461,643
persistentHashMap;putAndGetRandom;100000;366,805;3,625;587,965
persistentHashMap;putAndGetRandom;1000000;661,185;16,048;689,102
persistentHashMap;putCollision;1;42,101;1,818;72
persistentHashMap;putCollision;4;107,571;0,613;280
persistentHashMap;putCollision;10;109,302;0,568;306,4
persistentHashMap;putCollision;15;121,513;0,911;329,067
persistentHashMap;putCollision;20;101,314;0,352;298,4
persistentHashMap;putCollision;25;125,193;0,896;332,16
persistentHashMap;putCollision;50;128,409;0,623;374,08
persistentHashMap;putCollision;100;124,046;0,613;403,76
persistentHashMap;putCollision;1000;171,872;0,875;489,392
persistentHashMap;putCollision;10000;224,144;1,137;577,774
persistentHashMap;putCollision;100000;325,073;7,05;689,771
persistentHashMap;putCollision;1000000;568,323;75,902;769,913
persistentHashMap;putDistinct;1;41,296;0,281;72
persistentHashMap;putDistinct;4;47,67;0,238;100
persistentHashMap;putDistinct;10;48,485;0,245;124
persistentHashMap;putDistinct;15;48,994;0,086;144
persistentHashMap;putDistinct;20;50,198;0,176;164
persistentHashMap;putDistinct;25;51,355;0,242;184
persistentHashMap;putDistinct;50;63,84;0,439;263,84
persistentHashMap;putDistinct;100;71,912;0,41;271,04
persistentHashMap;putDistinct;1000;80,444;0,323;377,664
persistentHashMap;putDistinct;10000;104,492;0,723;461,248
persistentHashMap;putDistinct;100000;158,374;0,812;607,036
persistentHashMap;putDistinct;1000000;289,469;1,527;710,78
persistentHashMap;putRandom;1;42,076;1,659;72
persistentHashMap;putRandom;4;49,248;0,113;100
persistentHashMap;putRandom;10;54,264;0,221;120
persistentHashMap;putRandom;15;54,558;0,128;140,8
persistentHashMap;putRandom;20;61,722;0,175;163,6
persistentHashMap;putRandom;25;60,539;0,308;174,08
persistentHashMap;putRandom;50;68,785;0,199;206,4
persistentHashMap;putRandom;100;78,416;0,279;264,4
persistentHashMap;putRandom;1000;112,661;1,525;356,216
persistentHashMap;putRandom;10000;160,69;0,723;462,042
persistentHashMap;putRandom;100000;229,919;3,974;587,858
persistentHashMap;putRandom;1000000;449,405;12,996;689,053
persistentHashMap;removeCollision;1;49,576;0,209;64
persistentHashMap;removeCollision;4;205,992;0,885;452
persistentHashMap;removeCollision;10;170,725;0,45;354,4
persistentHashMap;removeCollision;15;166,623;0,621;337,067
persistentHashMap;removeCollision;20;183,21;1,006;388,4
persistentHashMap;removeCollision;25;174,239;0,667;370,56
persistentHashMap;removeCollision;50;187,751;0,658;430,4
persistentHashMap;removeCollision;100;203,081;1,052;499,52
persistentHashMap;removeCollision;1000;244,259;0,704;537,36
persistentHashMap;removeCollision;10000;304,642;0,781;627,361
persistentHashMap;removeCollision;100000;520,049;15,462;733,973
persistentHashMap;removeCollision;1000000;751,806;45,093;789,903
persistentHashMap;removeDistinct;1;49,769;0,407;64
persistentHashMap;removeDistinct;4;48,064;0,481;76
persistentHashMap;removeDistinct;10;45,446;0,177;100
persistentHashMap;removeDistinct;15;45,872;0,124;120
persistentHashMap;removeDistinct;20;49,094;0,136;140
persistentHashMap;removeDistinct;25;47,021;0,198;160
persistentHashMap;removeDistinct;50;63,665;0,282;222,56
persistentHashMap;removeDistinct;100;69,603;0,46;240,64
persistentHashMap;removeDistinct;1000;77,192;0,36;353,024
persistentHashMap;removeDistinct;10000;107,512;0,631;435,136
persistentHashMap;removeDistinct;100000;167,741;3,523;576,272
persistentHashMap;removeDistinct;1000000;290,826;1,771;686,103
persistentHashMap;removeNonExisting;1;9,756;0,122;0
persistentHashMap;removeNonExisting;4;6,891;0,032;0
persistentHashMap;removeNonExisting;10;5,944;0,138;0
persistentHashMap;removeNonExisting;15;10,964;0,019;0
persistentHashMap;removeNonExisting;20;11,058;0,025;0
persistentHashMap;removeNonExisting;25;12,509;0,153;0
persistentHashMap;removeNonExisting;50;12,556;0,028;0
persistentHashMap;removeNonExisting;100;13,435;0,049;0
persistentHashMap;removeNonExisting;1000;19,233;0,069;0
persistentHashMap;removeNonExisting;10000;38,184;0,118;0
persistentHashMap;removeNonExisting;100000;68,395;2,316;0
persistentHashMap;removeNonExisting;1000000;140,725;7,229;0
persistentHashMap;removeRandom;1;50,602;0,269;64
persistentHashMap;removeRandom;4;48,673;0,16;76
persistentHashMap;removeRandom;10;45,592;0,105;100
persistentHashMap;removeRandom;15;53,582;0,217;118,933
persistentHashMap;removeRandom;20;54,977;0,114;139,2
persistentHashMap;removeRandom;25;60,615;0,335;168
persistentHashMap;removeRandom;50;66,147;0,173;216,64
persistentHashMap;removeRandom;100;70,683;0,428;245,52
persistentHashMap;removeRandom;1000;116,861;1,679;344,648
persistentHashMap;removeRandom;10000;151,953;0,269;448,027
persistentHashMap;removeRandom;100000;262,888;3,466;578,568
persistentHashMap;removeRandom;1000000;514,721;14,098;678,579